product_cost_usd,weight_in_gms
177,1233
216,3088
183,3374
176,1177
184,2484
162,1417
250,2371
233,2804
150,1861
164,1187
189,2888
232,3253
198,3667
275,2602
152,1009
227,2707
143,1194
227,3952
239,2495
145,1059
161,1521
232,2899
156,1750
211,3922
251,3561
225,3496
172,1066
162,1435
234,3134
183,3819
266,2741
257,3341
223,3795
234,3261
227,2460
149,1811
137,1477
181,3605
215,3905
269,2383
227,3798
139,1265
137,1647
174,1556
151,1328
210,2944
169,1245
160,1576
190,3753
216,2146
183,2042
141,1735
165,1320
170,1128
203,3539
246,2437
238,3096
193,3453
141,1367
150,1923
221,2794
179,1158
105,1292
177,1880
261,3045
202,2881
109,1710
158,1878
231,2512
206,2929
187,3849
230,2229
232,2998
215,3984
238,2442
266,3775
158,1788
113,1518
223,3959
257,3711
180,1942
132,1759
217,2875
162,1364
197,2710
197,2148
185,2910
278,2974
229,2339
186,3880
174,1085
286,3163
175,1188
219,3387
213,2343
235,2034
149,1225
271,2401
144,1104
145,1617
143,1837
227,2624
213,2732
144,1658
218,2255
144,1588
238,2624
216,2053
238,3257
141,1250
158,1284
239,3679
175,1816
263,2817
168,1616
176,1779
150,1024
265,2326
263,2947
145,1387
183,2741
205,2167
160,1714
252,2102
222,2280
203,3607
220,3516
147,1722
200,2060
224,2026
179,1364
144,1865
247,3889
280,3582
168,1829
157,1889
189,2208
162,1739
207,2399
237,3860
264,2020
149,1645
162,1462
205,2156
158,1540
248,3707
191,3750
146,1844
135,1490
149,1062
220,2551
98,1269
97,1238
183,3932
162,1869
114,1443
275,2491
203,3845
205,3671
149,1946
112,1138
207,3482
261,3427
274,3375
141,1692
166,1498
141,1020
152,1709
250,2478
161,1809
185,2263
176,1096
148,1550
270,2751
242,3935
150,1285
192,3872
116,1314
192,3995
255,3440
161,1294
157,1487
164,1940
162,1052
146,1486
209,3001
134,1386
222,3778
139,1233
134,1415
130,1092
133,1596
140,1411
158,1968
270,1736
140,1030
135,1339
136,1568
142,7640
154,7846
139,1471
160,1251
134,1067
161,1883
155,1602
145,7588
157,1477
160,1691
152,1498
148,1502
127,1522
154,1113
127,1341
160,7401
129,1219
158,1722
185,3131
176,1293
148,1523
270,3885
242,2381
150,1588
192,2061
116,1314
192,3331
255,2771
161,1496
157,1393
164,1375
162,1278
146,1528
209,2240
134,1088
222,3626
139,1582
134,1352
130,1801
133,1268
140,1372
158,1515
270,1818
140,1278
135,1734
136,1958
142,6064
154,7684
139,1788
160,1030
134,1530
161,1511
155,1639
145,6102
157,1930
160,1399
152,1800
148,1349
127,1128
129,6614
158,1245
147,1920
159,1621
151,1930
294,1089
226,1446
271,1813
203,1856
264,1648
258,2211
241,3078
208,2056
209,3054
182,2707
148,1087
183,3199
229,2717
115,1692
136,1962
212,3307
171,1304
151,1925
205,3062
147,1132
155,1712
165,1150
230,3249
181,2309
234,3308
149,1977
156,1561
172,1858
270,3279
206,3807
211,3106
136,1090
186,3981
202,3398
183,3646
232,2861
147,1129
136,1531
127,1446
202,3695
241,3671
222,3833
183,2777
249,3769
243,3838
163,1257
165,1596
266,3089
193,3909
154,1136
140,1046
272,3705
143,1654
138,1805
238,3358
273,2373
200,2551
213,2381
224,2701
141,1672
150,1040
192,2818
279,3440
246,3748
173,1587
233,2358
274,2423
243,2782
197,3427
140,1072
215,2585
211,3710
220,2854
194,2026
262,3599
201,3147
261,2989
191,3425
255,3775
169,1698
162,1918
248,2750
197,2222
264,2882
260,2791
186,2259
233,2551
161,1954
188,2409
171,1695
267,2481
255,2956
132,1303
266,3157
198,2774
247,3127
140,1291
131,1659
246,3236
159,1681
203,3642
187,3141
146,1936
234,2099
122,1354
135,1074
103,1403
257,2173
169,1399
159,1808
188,3031
136,1420
227,3007
262,3275
157,1965
238,2053
152,1282
201,2040
148,1778
199,2885
215,3501
175,1270
236,3123
182,2896
251,3698
173,1855
225,2587
167,1705
259,2154
178,1573
178,1614
169,1765
272,2321
183,3251
205,2728
123,1036
152,1453
220,3773
134,1965
217,2992
265,2791
249,3836
213,2003
124,1494
180,1193
193,2267
192,3339
166,1832
264,3861
200,3528
142,1396
215,3066
218,2745
115,1814
159,1330
133,1218
178,1517
134,1714
184,2544
251,2405
141,1933
229,3776
203,3813
158,1911
167,1755
197,3303
140,1806
205,3569
208,2018
96,1294
205,2064
215,2953
216,2643
112,1846
222,3632
186,2153
241,2841
172,1269
251,2426
190,2628
186,2805
207,2596
135,1366
189,2955
173,1691
194,2169
183,3018
140,1248
244,2782
189,3355
157,1390
275,2726
133,1467
149,1178
254,3153
145,1429
179,1991
168,1526
202,3940
220,2620
244,2703
186,3111
263,3139
294,1318
226,1043
173,1175
194,2277
183,3459
140,1770
244,3318
189,3413
157,1525
275,2093
133,1092
149,1863
254,3973
145,1594
179,1113
168,1317
202,3181
220,2141
244,3562
186,2062
263,2236
294,1498
139,1811
192,1550
235,3065
176,1996
224,2627
128,1524
226,2240
160,1526
197,2224
216,2273
199,3075
271,3957
201,2657
212,2021
177,1641
191,2903
174,1986
162,1045
219,2696
155,1421
230,2923
192,2497
235,2984
200,3642
172,1667
160,1603
250,2722
174,1682
204,3608
274,3476
262,3744
138,1785
215,3873
145,1773
149,1141
212,2359
155,1193
154,1238
249,2173
206,3490
235,2015
261,3257
243,3537
237,3103
179,1900
192,3498
141,1838
245,2188
177,1774
154,1897
228,3359
207,3702
266,2701
172,1707
142,1512
218,3200
231,2962
180,1434
168,1886
147,1642
245,3592
182,3792
176,1567
197,2917
233,3519
156,1145
257,2073
250,3373
189,3301
255,3311
198,3514
164,1489
271,3785
185,3299
157,1764
137,1673
229,2164
234,2449
216,3578
163,1940
268,2526
205,2988
265,2969
236,3416
132,1901
234,3108
108,1745
276,3706
179,1063
230,2225
210,2096
173,1992
201,3894
214,3342
216,3024
144,1313
182,3039
163,1369
234,2334
158,1307
194,3496
201,2497
178,1933
214,2669
281,3047
260,2176
200,3174
209,2581
185,3280
230,2236
134,1540
270,2821
140,1464
133,1367
145,1218
206,2135
162,1125
187,3665
166,1203
178,1819
167,1967
224,3145
158,1224
134,1198
147,1387
187,2207
247,2404
182,2212
177,1049
143,1066
245,3231
133,1834
224,3891
265,3859
138,1528
253,3788
165,1293
265,3578
238,3142
236,3402
190,3022
104,1442
245,2616
155,1022
233,2143
171,1539
164,1491
141,1361
266,2118
192,3765
229,2298
269,3171
247,2939
157,1087
148,1280
240,2437
197,3617
121,1734
124,1107
153,1185
105,1622
202,3962
162,1635
164,1158
231,3370
209,2933
157,1898
249,2725
264,2896
111,1844
242,3606
169,1058
138,1056
158,1483
146,1718
218,2995
178,1247
197,3784
243,3230
254,2608
237,2782
179,1945
189,2108
244,3982
266,3594
263,2538
247,3189
202,2616
227,2761
189,2457
160,1689
117,1618
202,2312
201,2487
273,2651
143,1038
137,1262
236,3455
241,3844
187,3625
273,3516
170,1314
138,1266
150,1034
140,1384
250,3544
207,2182
214,2684
179,1215
149,1110
151,1422
264,2376
113,1037
281,2536
197,3730
265,3299
259,3764
200,3806
111,1787
223,3670
241,2713
139,1152
192,1372
117,1527
202,3120
201,2066
273,2466
143,1910
137,1391
236,3519
241,2935
187,3218
273,3462
170,1018
138,1648
150,1682
140,1332
250,2878
207,2670
214,2574
179,1903
149,1068
151,1748
264,2245
113,1402
281,2135
197,2065
265,3622
259,2427
200,2741
111,1920
223,2127
241,3030
139,1277
192,1694
180,1481
153,1089
280,1463
243,1100
214,3881
177,1112
182,3828
185,2824
143,1281
162,1901
171,1999
227,2589
205,2232
258,3033
195,3537
224,3638
192,2673
202,3986
235,3358
218,3818
176,1262
221,3120
157,1370
259,2495
249,2534
263,2292
141,1915
114,1240
179,1004
179,1584
193,3523
137,1246
110,1875
270,3582
175,1110
234,2372
177,1113
153,1442
252,2332
122,1213
215,2258
140,1207
209,2237
144,1500
210,2046
160,1693
134,1549
138,1159
200,3485
133,1161
121,1788
257,2489
255,3099
158,1061
248,2322
194,3795
184,2774
249,2797
170,1278
261,3398
262,2370
224,2952
130,1213
133,1379
145,1751
136,1213
163,1658
183,2181
216,2434
182,2005
191,2392
140,1401
161,1165
200,2747
176,1891
247,3645
262,3287
154,1532
186,3800
98,1806
268,3872
178,1830
142,1428
160,1837
232,2174
209,2533
230,3602
223,2074
201,2644
224,2937
251,3351
145,1949
271,2563
218,3048
229,2628
278,2493
168,1886
151,1920
232,2958
140,1685
141,1619
182,3398
139,1977
145,1818
140,1911
267,3589
191,2069
133,1401
170,1446
170,1533
149,1636
279,3933
121,1906
139,1767
265,2493
239,2472
119,1841
265,3896
144,1009
148,1537
269,2770
188,3191
187,3725
168,1601
199,3371
261,2802
218,2304
196,2911
147,1469
208,2777
178,1242
197,3080
206,3955
222,3158
247,3461
222,2582
205,3213
244,3571
194,3770
190,3548
169,1242
251,3443
161,1642
252,2353
271,2693
150,1187
212,2069
198,3407
266,3798
255,2266
166,1453
232,2139
198,3015
170,1588
162,1014
135,1378
242,3753
206,2247
253,2627
208,3884
250,3463
143,1996
236,3365
147,1145
113,1638
165,1190
235,2066
186,3521
274,2949
163,1079
161,1386
264,2336
255,3459
258,3928
261,2103
188,3637
188,3072
160,1548
214,3503
209,3345
208,2193
265,2557
161,1992
217,3067
210,2444
179,1808
180,1165
153,1972
162,1714
135,1898
242,2268
206,2804
253,2486
208,3442
250,3798
143,1360
236,3589
147,1956
113,1957
165,1482
235,2020
186,3722
274,3910
163,1547
161,1819
264,2436
255,2894
258,2428
261,3308
188,2466
188,3206
160,1952
214,2720
209,2948
208,2674
265,2249
161,1075
217,2600
210,2741
179,1765
180,1329
158,1936
291,1682
231,3894
163,1470
146,1204
272,3638
121,1839
118,1014
173,1638
243,2686
229,2505
96,1655
249,3558
165,1966
223,2427
267,2949
140,1831
209,2075
243,3189
175,1276
133,1051
167,1111
172,1052
257,2257
202,3857
223,3942
182,2592
234,2789
140,1035
136,1548
210,2568
259,3023
141,1012
151,1583
164,1423
141,1758
271,3542
191,2544
181,3266
241,2182
254,2837
146,1162
271,2744
185,2803
170,1138
265,3327
142,1777
228,3024
262,2871
205,2427
178,1362
153,1130
186,3447
167,1403
148,1950
167,1010
261,2488
166,1095
226,2319
260,2003
246,3993
221,3686
191,2039
138,1349
146,1714
193,3188
229,3111
239,2504
103,1093
254,2039
198,3686
208,3783
253,2205
261,2336
156,1253
97,1598
275,2546
189,2429
236,3290
170,1883
251,2673
205,2187
135,1744
231,2177
257,2941
162,1233
237,2573
134,1887
163,1119
264,2019
173,1674
191,2586
152,1385
272,2048
198,3368
260,3668
158,1478
252,3729
199,2470
272,2307
209,2215
147,1657
166,1759
165,1706
162,1715
255,3764
179,1437
250,3207
251,3936
198,2270
148,1053
268,2758
239,3673
195,2021
252,2658
272,3780
141,1628
224,3624
270,3251
236,2639
227,3512
262,2424
228,2257
176,1909
147,1873
196,2085
112,1249
221,3065
154,1312
200,2976
216,3807
185,3051
199,2994
265,2892
263,2113
181,2815
163,1092
260,3962
159,1247
227,3043
104,1936
188,3067
202,3536
213,2424
211,3332
232,2484
143,1727
196,2957
150,1070
222,2351
203,2791
178,1176
272,3271
182,3943
205,2255
171,1282
172,1993
210,3928
264,3409
181,2399
240,2919
140,1442
283,2686
263,2960
136,1234
145,1210
162,1763
230,2067
148,1452
175,1212
227,3583
177,1569
257,3416
198,2803
251,3651
158,1246
171,1840
260,2980
263,2992
269,2300
224,3220
118,1413
186,2529
191,2708
174,1184
140,1339
193,2371
148,1779
176,1211
135,1989
154,1990
143,1756
173,1179
262,3139
171,1516
246,2387
266,2779
127,1411
167,1921
187,2200
162,1614
230,3604
148,1540
175,1229
227,3080
177,1767
257,2239
198,3187
251,2240
158,1499
171,1909
260,2526
263,3689
269,4000
224,3749
118,1601
186,3621
191,2059
174,1635
140,1847
193,3510
148,1597
176,1254
135,1361
154,1204
143,1095
173,1336
262,2904
171,1683
246,2282
266,2643
127,1519
167,1547
187,3225
294,1625
158,1785
135,1078
238,1915
213,1548
237,1495
257,1308
198,1994
218,3425
236,2280
100,1129
154,1994
238,3832
128,1008
140,1431
187,3878
256,3155
270,2397
202,3008
256,2971
135,1597
184,2306
169,1922
178,1079
265,3101
217,2138
258,2791
218,2069
135,1316
150,1053
200,2942
136,1592
119,1791
212,2041
272,2377
166,1610
176,1982
280,3555
169,1922
231,3627
140,1274
183,3158
157,1557
210,3905
227,2217
250,3021
171,1947
136,1285
258,2579
271,2514
197,2915
217,2999
247,2414
192,3599
254,3496
226,3840
197,2481
203,2779
196,3722
180,1217
219,3145
266,3425
144,1082
197,3400
258,3686
187,2481
184,3332
142,1615
283,2848
221,3097
233,2010
129,1463
154,1542
158,1387
236,3715
257,2170
160,1511
255,3198
210,3124
169,1290
275,2597
185,2467
213,2809
179,1582
110,1235
216,2042
267,2716
214,3709
196,2211
192,3127
191,2724
222,2714
141,1751
242,2808
212,2733
133,1648
254,2508
190,2125
185,2503
191,3890
158,1030
171,1333
160,1085
235,3088
247,2361
152,1706
138,1080
270,2971
193,2952
252,2336
203,3976
141,1677
197,3617
142,1332
161,1048
139,1283
186,3896
190,2611
186,3981
181,2164
111,1145
159,1124
205,2291
134,1775
191,3947
141,1624
225,3454
171,1300
286,2938
255,2713
113,1538
201,2488
184,2823
199,3346
255,2267
269,3456
260,3065
198,2848
256,3128
140,1184
165,1627
144,1274
240,2980
183,3632
201,3757
216,3255
218,2682
147,1307
264,3947
145,1651
264,2751
253,2589
257,3986
202,2563
245,2225
162,1540
158,1512
182,3536
218,3534
201,3563
184,2232
241,3812
263,3238
230,3381
240,2356
233,3856
237,2912
144,1178
167,1252
138,1708
165,1429
247,3838
152,1674
199,3473
268,2206
150,1782
190,3644
153,1171
185,3410
274,2098
258,2252
110,1155
240,3559
118,1726
243,3850
225,2057
238,3179
127,1955
166,1665
180,1414
161,1941
230,2994
167,1573
186,2693
150,1620
253,2955
239,2897
294,1265
158,1758
135,1266
238,1040
213,1656
165,1918
247,2362
152,1158
199,3443
268,3716
150,1491
190,3446
153,1130
185,2080
274,2905
258,3512
110,1281
240,2683
118,1744
243,3693
225,2052
238,3537
127,1205
166,1791
180,1228
161,1457
230,3989
167,1564
186,3851
150,1689
253,3825
239,2471
294,1667
158,1595
135,1585
238,1724
265,1904
180,1725
229,1793
176,1297
172,1840
100,1440
142,1459
153,1095
160,1408
217,3444
273,3464
133,1187
155,1885
184,3798
230,3609
254,3538
108,1882
154,1367
177,1916
162,1184
285,2249
257,3620
143,1922
223,2980
230,3840
241,2874
156,1424
232,3436
231,3952
183,2078
240,2430
218,2824
248,3830
170,1980
226,3708
232,2624
192,3460
250,3464
224,2298
167,1363
123,1383
243,3681
233,2732
201,3340
230,2832
271,2996
159,1445
249,3375
137,1212
225,3813
226,2211
174,1141
264,3118
151,1930
180,1321
149,1080
209,3181
219,2385
164,1880
268,3040
204,2513
226,2626
105,1101
153,1183
192,2339
199,2607
156,1204
180,1853
162,1650
284,3912
271,3269
269,2195
135,1740
200,2075
206,2016
229,3518
267,3393
135,1471
259,2381
223,3622
245,2534
207,2637
171,1304
130,1891
241,3922
261,3678
182,3595
270,3768
157,1969
172,1989
205,2910
268,3622
156,1517
202,3372
249,3277
141,1801
230,3646
229,3844
146,1606
162,1659
241,3743
271,2163
166,1117
171,1075
169,1021
137,1611
211,3654
171,1114
142,1461
184,2972
111,1216
278,3416
160,1495
212,3976
175,1051
251,2632
205,3231
163,1536
272,2030
134,1818
259,2583
246,3945
211,3099
190,3595
233,2648
199,2553
191,2028
148,1731
177,1772
171,1629
237,3761
265,3307
136,1387
145,1851
238,2241
210,3666
159,1277
232,3300
174,1337
129,1458
201,2299
151,1145
252,2800
156,1218
215,3899
153,1402
261,3494
263,2606
153,1082
137,1815
270,3737
167,1884
143,1630
214,2033
182,3751
234,2701
181,2239
162,1558
185,3565
199,3351
272,2803
252,3036
156,1127
173,1220
148,1322
158,1207
261,3352
105,1707
193,3364
198,2446
213,3121
244,3073
241,2806
278,3909
145,1126
140,1175
209,3026
233,2204
227,3336
258,3713
259,3720
153,1585
181,3575
143,1345
111,1711
198,2820
121,1611
204,2792
203,3912
167,1616
270,2406
260,2018
180,1047
157,1694
156,1602
236,2280
240,2708
104,1438
140,1820
150,1354
286,3362
224,3282
204,3225
266,2056
241,3878
278,2330
145,1177
140,1130
209,2740
233,2744
227,2351
258,2878
259,3335
153,1328
181,3786
143,1326
111,1587
198,3787
121,1701
204,2772
203,3098
167,1782
270,3185
260,2715
180,1684
157,1366
156,1308
236,3808
240,2174
104,1083
140,1467
150,1910
286,2338
224,2627
204,2513
266,2304
268,2083
267,3132
223,3938
164,1644
209,3370
192,3183
260,2874
137,1037
267,2435
111,1712
240,3729
234,3340
190,2563
265,2415
189,3492
121,1124
101,1344
250,2752
247,2198
162,1104
219,3608
258,3717
221,3444
137,1176
174,1430
189,3671
212,3830
183,3966
180,1715
150,1091
246,2440
263,3802
204,2941
223,3955
193,2581
138,1914
188,3992
201,3641
245,2577
262,3150
147,1886
254,2965
213,2184
152,1665
227,3972
206,2944
242,2307
200,2486
142,1683
275,2123
222,3137
101,1184
178,1907
243,3943
177,1058
270,2377
186,3676
133,1094
263,2599
248,2207
150,1807
203,3640
249,2905
238,2860
181,3893
138,1440
139,1323
192,2621
241,3484
188,3335
278,2112
144,1072
208,2170
208,2036
210,2655
237,3625
192,2443
143,1955
234,2596
147,1057
226,2582
263,2267
147,1434
174,1072
142,1583
136,1900
192,2258
184,3336
260,2756
160,1977
262,2940
217,3144
267,2622
195,3108
152,1537
178,1695
190,2077
286,3817
167,1023
148,1279
218,3990
272,2226
147,1570
263,3723
189,3564
242,3127
204,2181
229,3963
180,1444
190,2947
154,1842
134,1955
206,3558
169,1511
237,2965
146,1459
187,2936
206,2182
208,2419
149,1102
148,1511
135,1011
242,3556
231,2992
205,2018
137,1447
202,3655
163,1005
128,1824
165,1459
242,3966
229,3667
191,3538
231,2341
183,3863
195,3251
249,2029
151,1020
140,1950
151,1114
109,1715
180,1204
151,1148
188,2106
274,3013
187,2598
185,2212
187,3290
260,2143
191,2007
203,2281
144,1881
281,3357
169,1279
201,3461
226,2708
176,1767
228,2243
260,2071
268,3085
188,3361
213,2037
259,2132
257,2848
163,1146
211,3296
166,1319
245,2072
234,2548
234,3393
180,1838
217,2128
253,3632
188,3837
274,3829
136,1056
143,1422
267,3257
198,2266
201,2059
241,2724
269,2136
123,1653
178,1329
203,3127
169,1107
190,2739
190,2400
238,3556
247,2206
190,3819
168,1143
190,2380
170,1396
226,2182
256,3837
104,1870
192,3347
213,3599
259,2244
257,3981
163,1891
211,3842
166,1741
245,3111
234,3822
234,2008
180,1727
217,2217
253,3096
188,3221
274,2053
136,1509
143,1246
267,2923
198,3573
201,3402
241,3015
269,3415
123,1068
178,1183
203,3231
169,1665
190,2018
190,2391
238,3860
247,2377
190,3935
168,1862
190,2108
170,1240
226,2964
256,2758
104,1064
192,2943
195,1338
271,1134
296,1648
277,1055
140,1819
148,1814
238,2644
220,2294
224,3623
162,1170
202,3602
226,3914
246,2086
223,3687
156,1311
189,3708
242,3564
207,3736
161,1920
232,3128
194,2554
161,1037
269,3652
219,3932
161,1859
264,3561
151,1395
177,2000
193,2882
212,2494
210,3405
164,1976
219,3402
216,3740
174,1091
199,2728
181,2486
220,2818
215,3678
248,2840
183,2414
194,3818
224,2084
184,3128
160,1276
182,3580
116,1430
170,1868
201,2158
148,1809
165,1905
135,1772
263,3955
228,3382
275,3569
224,3400
202,3738
163,1926
268,2386
207,3277
117,1210
165,1881
181,3234
212,3676
226,2299
195,2849
263,2779
136,1131
163,1034
144,1202
240,3478
243,2829
201,2696
242,3411
187,3774
162,1194
147,1563
268,2822
237,3952
157,1115
176,1750
134,1191
234,3543
154,1096
209,2016
138,1803
151,1024
252,2676
155,1490
139,1137
258,2289
172,1182
239,2741
165,1417
177,1536
187,3513
172,1006
168,1434
249,3489
135,1322
134,1985
269,3524
210,3236
285,3151
244,2857
209,2748
154,1432
134,1932
168,1347
264,3753
276,2843
195,3499
174,1909
241,3074
166,1267
190,3315
231,2123
206,3755
212,2073
212,2456
246,2271
264,2203
208,2537
210,2878
183,2896
265,3498
187,2374
183,3090
176,1730
266,3718
143,1249
195,3719
264,2754
243,3421
142,1758
172,1019
280,3366
254,2469
202,3885
110,1011
162,1158
183,2585
260,2805
109,1581
273,2151
262,3164
239,2181
185,3864
248,2868
180,1122
221,3561
162,1948
162,1671
145,1313
228,3631
196,2447
254,3266
215,3942
265,2734
173,1582
233,3146
213,2034
124,1714
156,1492
265,2194
139,1269
225,2690
178,1179
190,2064
272,2455
153,1841
235,2991
214,2562
175,1072
176,1420
172,1875
195,1852
271,1679
228,3145
196,2129
254,3590
215,2713
265,3997
173,1723
233,3925
213,2938
124,1592
156,1769
265,3010
139,1546
225,3384
178,1824
190,3062
272,2182
153,1740
235,2175
214,3403
175,1460
176,1953
172,1294
195,1039
164,1473
231,2755
248,3873
237,3427
111,1620
106,1275
139,1365
149,1657
180,1513
212,3776
183,3716
164,1555
143,1197
162,1202
202,3098
135,1150
232,2054
218,3770
177,1735
168,1474
181,3448
238,3728
250,2717
152,1848
242,3215
236,3949
238,3950
165,1727
271,3448
109,1661
235,3695
186,2356
202,2327
188,3075
224,3824
239,3734
140,1832
272,2518
160,1228
261,3479
199,3259
154,1300
237,2451
181,2070
133,1686
150,1511
152,1325
142,1464
214,2078
155,1024
191,3985
133,1106
211,2942
212,2422
150,1158
208,3977
157,1724
228,2715
254,3786
270,3599
195,3462
193,2173
165,1240
177,1099
244,2844
151,1793
164,1104
165,1228
256,2247
150,1263
255,3484
268,2996
166,1366
230,3477
163,1395
139,1415
161,1978
181,3003
242,3489
151,1139
167,1068
257,2334
204,2090
219,2027
202,3707
155,1367
183,3364
184,2625
230,2890
139,1511
252,2477
272,3766
134,1391
169,1934
214,3416
163,1614
150,1193
216,3202
116,1130
144,1811
266,2508
154,1616
255,3644
229,2322
111,1882
160,1718
184,3191
218,3234
137,1012
204,3829
105,1784
256,3046
182,3261
260,2666
166,1944
160,1479
243,2850
240,2400
229,3239
164,1304
234,2111
97,1836
258,2017
147,1934
180,1686
212,2073
198,2373
239,2154
158,1374
218,3311
156,1523
235,3447
168,1363
178,1297
275,2449
139,1192
236,2171
155,1780
168,1008
151,1367
113,1154
133,1861
163,1613
206,3278
177,1929
206,2261
189,3492
270,3690
238,2013
143,1387
173,1251
134,1169
176,1283
160,1961
230,3546
178,1012
256,2699
256,3030
208,2900
119,1233
114,1825
225,2864
155,1972
223,3895
194,2736
281,3381
132,1343
229,3423
251,3517
113,1200
234,2615
181,3719
157,1497
155,1203
209,2935
264,2213
268,2479
224,2705
223,3271
191,2374
184,3081
174,1921
134,1371
135,1009
234,3084
215,3432
187,3549
238,3438
273,3223
192,3709
268,3446
225,2721
155,1408
223,3158
194,3003
281,3709
132,1715
229,2891
251,2502
113,1741
234,2448
181,3236
157,1654
155,1830
209,2603
264,3015
268,2867
224,3247
223,2943
191,2235
184,3967
174,1651
134,1054
135,1195
234,3914
215,3715
187,2863
238,3274
273,2611
192,2197
268,2893
164,1408
255,1514
141,1130
202,2587
282,3009
190,3175
192,2256
179,1041
238,2200
181,3696
128,1707
285,2063
273,2415
242,3144
226,3593
255,2093
198,3025
263,3978
186,2197
260,2935
167,1169
210,2344
216,3549
273,2154
153,1414
183,3809
224,3499
170,1651
237,2605
234,2443
264,3439
153,1273
228,3583
264,2021
267,2332
213,3248
181,3258
209,3169
165,1111
164,1293
141,1114
164,1701
178,1778
200,2078
185,3974
180,1078
144,1526
161,1194
152,1222
129,1111
140,1969
270,3312
183,2023
264,3719
167,1973
219,2447
225,3189
228,2021
119,1021
244,3154
163,1349
260,3951
135,1073
167,1939
233,2522
147,1940
159,1686
139,1674
200,2651
221,2546
158,1036
227,3984
179,1125
232,3131
139,1177
195,3869
276,2437
171,1101
259,2685
123,1596
199,2208
226,2912
149,1506
115,1122
243,2719
136,1479
180,1811
274,3332
233,3341
254,3239
153,1347
175,1860
207,2184
153,1314
228,3943
96,1186
241,3798
249,2846
188,3992
154,1009
226,3154
250,2064
150,1431
267,2913
223,2715
192,3873
143,1785
113,1660
135,1549
189,2646
245,3775
181,2217
207,2460
169,1183
206,2598
117,1192
115,1247
149,1196
133,1403
271,2595
116,1688
139,1857
216,2567
165,1234
286,3774
136,1446
225,2767
163,1639
272,2857
135,1292
184,3812
219,2164
249,2323
142,1694
137,1023
168,1717
165,1798
199,3553
246,3648
224,2336
216,2075
167,1140
182,3413
126,1697
170,1299
148,1805
141,1875
169,1497
143,1802
156,1553
241,2193
212,2307
265,2293
243,2980
209,3330
229,2688
257,3496
209,3893
142,1897
208,3181
167,1278
266,2334
210,3382
147,1447
132,1665
269,3716
148,1099
268,3675
156,1301
222,3506
151,1365
236,3652
229,3049
261,2664
229,3757
205,2317
240,3883
209,2622
252,2526
140,1102
156,1842
190,3448
138,1853
243,2899
183,3027
190,3244
235,2451
143,1953
176,1470
178,1498
270,3706
141,1479
220,3342
264,3482
150,1256
175,1519
223,3356
162,1583
221,2972
216,2668
133,1724
191,2353
156,1483
252,2669
198,3417
139,1033
255,1551
141,1689
151,1458
236,3976
229,3223
261,2787
229,3614
205,2522
240,3489
209,3532
252,2070
140,1547
156,1147
190,2976
138,1078
243,2866
183,2621
190,2931
235,3451
143,1323
176,1856
178,1481
270,2716
141,1340
220,3109
264,2837
150,1934
175,1848
223,3437
162,1764
221,2219
216,3137
133,1674
191,3714
156,1836
252,3273
198,3250
139,1180
255,1663
141,1495
263,1254
179,1892
212,1014
282,1362
165,1500
189,3474
157,1407
167,1420
175,1668
150,1777
128,1247
236,3679
162,1708
230,3743
225,2130
285,2223
246,2415
196,2718
211,3955
197,3621
203,3531
161,1928
266,2201
190,2774
140,1465
274,3402
168,1717
189,2203
231,2714
189,3318
220,2368
190,3960
238,3423
220,2897
194,2651
203,3261
258,3446
151,1273
218,2149
265,2452
157,1712
214,2009
221,2932
149,1699
273,2126
253,3836
102,1341
258,3186
273,3383
187,2191
151,1377
120,1240
254,3463
149,1005
152,1464
187,3172
170,1512
156,1305
228,3401
272,2719
140,1435
185,3624
167,1772
244,3914
229,2815
273,3717
204,3774
154,1711
254,2542
151,1173
242,3688
137,1796
163,1634
143,1343
196,3244
264,3877
217,2692
124,1959
269,3542
135,1840
192,3206
274,2430
162,1316
158,1431
225,2270
150,1738
154,1117
181,3306
272,2548
160,1496
145,1993
143,1027
201,2925
242,3997
151,1001
199,3705
178,1006
138,1923
162,1407
154,1101
206,2069
246,3617
233,3606
251,2906
165,1313
183,3709
109,1597
209,2675
168,1486
210,3920
185,3787
243,2758
258,2777
279,2697
160,1833
185,3648
271,3499
273,2229
208,2100
137,1823
198,3135
236,3231
133,1134
191,3676
202,3551
162,1727
224,2959
191,3082
272,2438
269,2538
179,1076
225,2596
132,1185
244,3118
185,2849
257,3103
253,3788
174,1502
200,2199
150,1745
137,1347
181,2981
246,2652
237,2057
226,2465
225,2892
268,2731
146,1140
159,1048
135,1829
134,1946
210,2742
238,2042
214,3446
204,2725
227,3100
253,2849
126,1364
208,2759
179,1943
132,1909
144,1496
236,3360
235,3715
254,3885
144,1027
272,2415
191,3675
177,1159
226,3149
132,1493
121,1577
171,1021
178,1900
132,1767
249,3078
159,1547
171,1029
150,1775
178,1165
192,2152
214,3628
225,3162
167,1691
245,2769
138,1366
173,1847
98,1635
231,3688
149,1346
206,2892
264,3441
193,2728
263,1092
191,2277
177,1920
226,2348
132,1731
121,1505
171,1352
178,1517
132,1692
249,3897
159,1477
171,1554
150,1831
178,1906
192,3634
214,2924
225,3516
167,1619
245,2178
138,1530
173,1609
98,1057
231,3811
149,1425
206,3746
264,2960
193,3730
263,1657
282,1173
193,2758
171,1594
212,2703
159,1213
102,1220
145,1690
225,2585
174,1358
223,3148
185,3501
245,2717
99,1223
141,1417
222,2518
192,3233
187,3621
216,2431
146,1790
207,3419
225,2010
230,2302
173,1990
127,1239
214,3869
161,1454
262,3523
157,1798
164,1803
174,1577
188,2424
141,1297
134,1785
147,1738
180,1551
225,2259
172,1522
131,1718
270,3487
172,1103
198,2129
167,1637
168,1885
165,1831
149,1974
186,3262
151,1682
146,1569
232,2526
177,1698
149,1665
180,1518
172,1446
160,1054
206,2822
146,1685
257,2130
219,3430
274,3416
177,1249
209,3741
207,3242
153,1613
158,1507
261,3340
182,2047
128,1530
178,1184
198,2555
137,1299
168,1515
248,3276
225,2411
239,2107
256,3658
109,1479
274,3436
157,1951
125,1212
203,2421
120,1534
194,2695
257,2269
233,2291
193,2775
202,2936
270,2720
240,2723
224,2085
195,2878
165,1639
164,1124
105,1304
248,2616
269,3950
253,2591
231,3755
164,1532
176,1705
149,1990
187,3781
150,1319
190,2715
226,3077
98,1539
152,1800
173,1575
160,1861
180,1261
175,1817
274,2986
216,2263
283,3077
192,2944
236,2584
232,2835
204,3135
138,1436
154,1016
244,3125
144,1867
274,3076
182,3972
250,3352
207,2945
242,3011
154,1671
176,1472
252,3701
147,1666
157,1306
257,3517
172,1261
134,1629
152,1212
161,1918
269,3033
164,1689
114,1746
213,2709
255,2777
135,1329
155,1434
273,2532
135,1008
170,1188
138,1181
213,3502
156,1619
139,1241
263,2715
160,1850
148,1402
259,3761
273,3384
212,2521
144,1110
193,2867
198,3706
207,3770
236,2030
165,1702
162,1693
184,3609
145,1834
228,3473
213,2522
146,1162
220,2459
231,3441
212,3337
202,2213
208,2905
200,2460
250,2736
126,1192
222,2762
236,3140
165,1484
162,1700
184,3436
145,1965
228,3306
213,2581
146,1289
220,3886
231,3792
212,2750
202,2651
208,3450
200,3791
250,3617
126,1141
222,3697
273,1771
161,1338
236,1347
281,1864
168,1298
206,1137
144,1294
239,2988
129,1513
201,3498
160,1911
130,1971
132,1067
185,2583
271,2718
168,1539
154,1389
203,3114
274,2087
280,3298
196,3151
159,1675
269,2522
161,1199
159,1806
147,1145
214,3754
157,1038
147,1936
182,3545
188,2711
104,1021
195,2641
235,2107
219,3830
253,3389
253,2489
167,1197
211,2520
155,1548
231,2455
182,3063
212,3547
107,1861
172,1161
224,2180
209,3650
268,3076
141,1909
260,3068
151,1441
184,3276
270,3908
135,1908
276,3889
177,1142
149,1920
220,3602
267,3742
274,3958
243,3327
166,1647
225,2049
138,1117
141,1599
271,2693
243,2374
231,2333
168,1779
264,2025
233,2624
247,3630
176,1095
257,2040
147,1613
195,3936
153,1264
237,3903
217,3725
140,1322
164,1439
243,2052
158,1137
180,1200
139,1814
162,1386
206,3104
238,2196
254,3297
270,3669
255,3732
182,3332
149,1145
221,3075
135,1026
188,2074
194,2256
134,1010
210,3142
169,1322
147,1040
213,3585
223,3595
233,2671
218,2990
219,3684
145,1212
257,3370
238,3375
145,1673
243,2111
179,1369
188,2033
168,1782
157,1252
172,1943
195,3690
225,3488
227,2749
159,1857
273,2633
214,3234
175,1005
213,2857
190,3115
265,2637
146,1899
229,2419
195,2439
151,1652
217,3133
134,1716
195,3814
142,1420
182,3624
155,1043
238,2726
182,3198
237,2231
222,3503
177,1664
197,3280
224,3672
193,3097
169,1740
248,2983
246,3618
232,2686
251,2476
163,1443
201,5916
141,5031
219,5956
161,4245
225,4622
277,4186
256,4732
153,4597
135,4651
253,5085
139,5335
136,4971
172,4883
272,4559
207,5632
134,5958
238,4943
274,4167
237,5695
153,5455
223,4974
149,5040
132,4013
246,5616
159,5547
162,5429
123,4292
231,5558
213,4862
160,5834
225,5060
178,4811
273,5055
129,4342
273,1198
161,1247
139,5824
136,4002
172,4201
272,5927
207,4909
134,4444
238,4388
274,5622
237,5588
153,5305
223,4026
149,5412
132,5721
246,4710
159,4666
162,4842
123,4231
231,5755
213,4847
160,5141
225,4195
178,5540
273,4374
129,5197
273,1293
161,1747
206,1149
296,1678
249,1887
301,1931
296,1991
205,1648
132,4355
223,4282
190,4312
194,4331
176,5138
227,4388
149,5435
173,5836
181,5410
251,4015
243,4909
210,4398
145,4028
196,4546
154,5735
164,4432
210,4379
212,5219
263,4868
155,5481
223,4211
269,4489
117,4046
151,4105
271,4743
205,5714
210,5431
133,4277
215,5195
140,4691
255,5955
159,4190
169,5352
182,4554
231,4406
177,4445
250,5055
145,5122
117,4268
170,4716
173,5382
232,4658
231,5510
136,4524
189,4496
222,5340
148,5034
265,5464
181,5877
189,5898
160,4808
235,4186
100,4191
135,5765
137,4883
222,5337
246,4078
202,5486
273,5043
248,5881
199,4194
209,4104
216,4905
227,4318
216,4416
242,5892
217,4949
160,4613
141,5257
263,4595
171,5359
195,4864
237,5561
241,5693
134,4230
156,5398
211,6000
243,4769
196,4116
242,4960
175,4449
155,5154
200,4808
191,4586
221,5895
135,4511
152,5943
172,4649
253,5643
270,5360
139,5041
257,5088
155,4283
125,4933
233,4597
205,4989
243,4420
208,4919
230,4392
205,4949
170,5664
222,4268
186,4213
208,5218
223,5897
154,4006
235,4011
271,4137
250,5206
206,5159
153,5121
212,4117
168,5686
171,5379
132,4462
141,4857
254,4334
159,5221
194,4803
178,4203
151,5712
244,4125
237,5287
241,5184
156,5923
243,5021
219,4289
168,5776
224,5661
216,5840
187,4698
204,4037
266,4140
179,4931
184,4776
204,4431
255,4332
272,5252
186,4947
147,4369
145,5361
255,5715
133,4663
155,4985
151,4796
270,4914
234,4942
186,4352
157,5937
268,5947
244,4486
190,4554
161,5038
162,5893
163,5739
211,5777
205,4977
150,4442
209,4623
250,5298
206,4431
244,4198
180,4615
256,5784
273,5672
178,4872
296,1233
249,1752
151,5470
270,5346
234,4568
186,5841
157,5801
268,5488
244,4644
190,4800
161,5322
162,4489
163,5489
211,4417
205,4869
150,5536
209,5565
250,4343
206,4763
244,5695
180,5033
256,4504
273,4044
178,4120
296,1523
275,1712
270,4351
224,4616
172,4668
176,4774
240,4099
213,4535
197,5707
167,4289
180,5013
119,4146
232,5447
139,5536
272,4459
253,4915
188,5376
202,5169
134,5802
110,4252
172,4532
188,4222
258,5365
234,5673
148,5301
194,5396
266,5413
158,5559
228,4984
159,5671
255,4107
213,5481
148,4693
219,5957
168,5731
148,4802
149,5467
245,4793
200,5178
228,5530
175,4053
201,5895
267,5140
217,5450
160,4409
264,4279
179,5898
259,4921
178,5403
242,4694
235,5671
247,5098
240,4138
252,5559
237,5600
161,5947
144,4075
163,5432
246,5118
213,5993
123,5497
192,4045
149,5658
206,4583
243,5218
136,4585
170,5182
180,4321
220,5663
144,5994
271,4218
186,4887
247,5255
202,4299
143,5062
180,5633
221,4430
173,4810
107,4853
259,4154
134,4908
204,4745
161,4138
100,5668
260,5890
196,4271
260,4799
193,4700
258,4159
254,4492
216,4934
273,5323
223,4219
182,5638
201,5722
249,5657
152,5314
244,4734
256,4398
223,5121
185,4816
166,4410
113,5765
134,5967
228,4719
204,5844
152,4136
195,5779
192,5173
247,4977
135,4163
209,5337
173,4721
222,5660
192,4086
206,5618
275,4687
192,5787
121,5208
177,4904
243,4989
262,4745
189,5897
178,5307
232,4228
254,4377
148,4082
253,4868
223,5279
190,4075
181,5332
226,5119
182,4883
191,4119
223,4195
274,4521
218,5637
197,5658
137,5271
163,5873
218,4377
245,4343
181,4089
222,4612
259,4390
157,5398
137,4820
242,4199
154,4938
150,4174
174,5510
265,5837
248,4540
186,5156
152,5764
163,5791
168,5735
102,4845
169,4783
163,4031
154,5100
271,4878
182,5409
173,5232
244,5696
214,4512
210,4076
194,5700
185,4818
121,5130
203,4137
134,5472
263,5665
279,5888
222,5584
233,4799
271,4152
118,5964
183,4261
217,4077
245,4909
143,5545
149,4189
275,1400
168,4776
102,4179
169,4038
163,5118
154,4478
271,4444
182,5281
173,4410
244,5794
214,5546
210,5876
194,4770
185,4973
121,5210
203,5543
134,5632
263,5447
279,4785
222,5130
233,4668
271,4085
118,5699
183,4179
217,4883
245,5363
143,4486
149,4049
275,1890
282,1149
276,1966
244,1360
258,5478
257,5657
195,5178
152,4606
100,5776
248,5783
274,4492
203,5244
194,4777
142,4439
208,5833
237,5954
210,4580
158,4061
148,5700
146,5846
155,5768
233,5211
165,4280
227,5491
197,4184
134,4983
134,5045
194,4724
172,4337
205,5322
191,5196
225,5690
152,4915
249,5001
136,4218
146,4538
259,4607
159,5577
162,4064
205,5064
155,4109
171,4151
244,5695
135,5849
147,5174
245,4514
266,5481
165,5409
226,5433
185,4925
267,5258
169,4289
191,5335
187,5154
265,5936
243,4093
166,5559
249,4440
271,4866
272,4681
226,4526
250,5762
135,5777
274,4202
184,4124
139,4520
198,4620
168,5154
245,5203
251,4374
153,4359
142,4735
148,4913
273,5012
180,4802
158,5205
240,5588
174,4813
186,4524
174,5969
260,4072
258,4308
262,4090
197,5800
238,5449
168,4608
266,5621
251,5460
272,5638
203,4311
168,4096
138,5534
129,5296
178,5279
211,5913
169,5750
267,5922
183,5959
194,4335
151,4749
225,4184
184,4155
269,4978
274,5161
142,5341
140,5067
219,5253
237,5331
140,4370
105,5418
192,4056
154,4990
165,4005
197,5594
274,5156
193,5991
252,4303
224,4994
230,4782
174,4318
226,4940
245,5690
206,5766
241,4976
148,4249
181,5875
146,5673
115,5636
201,4530
273,5225
228,4506
185,4336
170,4858
156,5017
159,5545
263,4914
159,4314
241,4244
167,4267
231,5089
233,4817
256,5021
205,4426
180,4407
187,5957
250,4922
273,5151
224,4445
195,4365
148,4334
181,4629
111,5978
181,4163
108,4787
188,5999
231,4553
230,5127
197,5449
252,5101
237,5437
182,5453
241,4157
247,5833
156,5014
189,4741
240,4471
196,4516
157,5100
203,5764
156,4733
172,5366
204,4533
283,5252
257,4710
147,5136
229,5691
111,4296
231,5021
197,5032
157,5647
201,5281
247,5644
184,5045
144,5000
245,4139
163,5638
154,4524
245,5871
268,5626
180,5677
230,4889
197,5685
252,4248
237,5434
182,4710
241,5306
247,4862
156,5533
189,5965
240,5905
196,5204
157,5807
203,4145
156,5637
172,4618
204,5795
283,4216
257,5881
147,5499
229,5225
111,4473
231,4452
197,4113
157,5398
201,4699
247,5882
184,5800
144,4440
245,5186
163,4570
154,5235
245,5978
268,4483
180,5718
182,1690
164,1116
136,1187
290,1512
134,1278
215,5563
213,5857
132,4475
220,4313
215,5683
212,4804
190,5570
171,4749
153,4069
164,5488
172,4554
199,4805
163,4323
263,4699
156,4636
206,4596
224,4162
221,4205
221,4865
263,4779
148,5088
232,5016
139,5847
185,4015
183,4282
245,4882
159,4214
249,5212
233,5865
226,5881
152,4735
143,5514
218,4558
209,4976
157,5875
218,4414
235,4172
253,4364
211,4145
265,4283
201,5967
216,5167
176,5463
155,4924
266,4290
250,5115
205,5486
175,4019
260,4423
157,5398
282,4644
238,5337
187,5139
104,4643
230,4727
174,5554
237,5113
202,4506
204,5900
243,4024
165,5014
169,4968
197,4632
263,4350
247,4113
207,4314
155,4932
174,5764
220,4148
192,4942
231,4735
237,5381
187,5872
141,5444
272,5243
229,4971
173,4307
271,5875
246,4956
104,4548
121,4233
212,5935
139,4572
250,5688
272,4826
160,5982
170,4855
260,5001
168,4008
261,5764
117,5332
151,5469
181,5578
251,5656
178,4451
227,4305
206,4812
181,5767
117,4378
187,4388
219,4096
280,4620
178,4096
139,4226
137,5709
248,5863
259,5978
139,5126
267,4703
271,5852
181,5505
222,4425
159,5804
238,4930
256,5614
202,4955
258,4188
174,5576
270,5814
215,4551
254,4571
253,5972
269,5797
224,5738
157,4391
250,4625
132,5235
256,5604
237,5114
199,4660
186,4536
213,4114
260,4332
247,4637
178,4322
135,5682
234,4187
214,4004
174,5549
262,4283
180,4346
165,4819
150,4470
227,5706
220,5727
255,4604
202,5135
261,4140
244,4713
173,5128
224,5343
263,5797
160,4672
106,4038
227,4659
257,5251
155,5113
212,5214
205,4996
211,5890
178,4729
221,4568
253,4682
185,5430
160,5667
173,4402
256,4070
134,5680
160,4684
205,5137
202,4029
158,4153
233,5259
163,5364
202,4053
229,5189
120,4183
185,5973
154,4377
238,5782
179,5284
237,4963
234,4996
116,4091
157,4344
151,4390
160,5062
226,5203
254,5684
194,5726
194,4003
175,5503
228,4091
240,5056
166,4255
249,4562
261,4314
209,5066
154,5864
98,5946
193,4784
169,5397
227,5904
150,4170
260,5440
243,4587
271,4183
129,5626
228,4208
243,4669
187,5547
185,4387
228,5500
248,4023
233,4652
151,4025
160,4599
265,4268
229,5075
144,5646
172,4929
273,4608
182,1869
164,1376
240,5484
166,4280
249,5876
261,4590
209,4047
154,4744
98,4651
193,4982
169,4081
227,4734
150,5944
260,4986
243,4170
271,4924
129,4873
228,4927
243,4828
187,5922
185,4111
228,4663
248,4583
233,4705
151,5275
160,5876
265,5113
229,5584
144,5501
172,4883
273,5574
182,1272
164,1949
268,1707
218,1678
236,1329
188,1059
277,1335
127,5976
143,5146
192,4014
239,4360
215,4828
139,4243
250,5361
187,5541
151,5982
181,4191
170,4823
139,4986
186,4519
273,4948
274,4292
108,5559
132,4212
223,4972
240,4804
106,5615
143,4393
238,5441
156,5937
203,5296
259,4564
225,4486
154,5208
227,4058
208,5826
255,5983
218,4597
184,4161
233,4403
230,5916
249,5017
176,4893
272,5566
192,4151
100,5756
271,4237
165,4735
124,5011
193,4796
156,4681
170,4198
243,4750
163,5720
201,4955
232,5333
214,4964
149,4147
122,4880
253,5040
123,4042
261,4028
235,5061
141,4702
241,5602
253,4299
177,5116
160,5527
134,4436
258,5965
188,4840
270,5950
243,5460
100,5398
134,5370
255,4562
260,5382
265,4423
221,5847
157,4840
222,4861
179,5496
231,5046
228,5893
264,5898
170,5330
159,4876
166,5089
234,4012
215,4362
179,5589
180,5953
149,4953
150,5825
155,5666
199,4762
169,4248
276,5037
257,5843
153,4366
228,4946
133,4724
206,4262
263,5731
190,4501
175,4910
272,4059
111,4711
233,5756
235,5325
255,4415
216,4005
266,4641
200,4953
194,5721
220,5020
270,5148
168,4231
172,5900
168,4759
243,5415
181,5094
167,4141
224,5967
252,5221
266,4493
144,4882
222,5149
199,5002
214,4958
258,5828
194,5534
201,5132
243,4383
264,5716
204,5476
239,5099
168,5580
229,5001
246,5374
217,4029
166,5737
159,5731
220,5508
172,4659
262,5910
194,5300
232,4719
259,4741
259,4914
246,4616
247,5016
137,4539
273,4236
152,5502
235,4833
212,4555
286,5208
151,4987
204,5296
191,4705
221,4518
161,4475
183,5157
243,5892
194,4038
266,4197
249,4933
133,4398
244,4118
235,4832
166,5932
239,4028
141,4683
168,4831
203,5699
171,4418
120,5537
240,4811
178,5197
237,5514
169,5673
169,4245
201,5790
249,5418
101,4014
140,4488
214,5362
196,4257
204,5961
159,4265
175,5685
163,4099
271,4145
191,4219
135,4515
224,4511
142,4728
246,5466
165,4242
150,4357
170,4373
147,5013
151,5698
259,5939
211,4747
249,5580
133,5026
258,4643
253,5857
185,5399
268,1442
218,1883
140,4733
214,5856
196,5427
204,5526
159,4574
175,5177
163,4720
271,5459
191,4563
135,5266
224,5283
142,4914
246,4846
165,5091
150,4433
170,4957
147,4120
151,5379
259,4390
211,4004
249,4190
133,5902
258,4653
253,4263
185,4806
268,1991
277,1527
157,1203
132,1327
104,4885
213,5374
172,5112
168,5373
192,4015
189,4646
255,4638
152,4172
171,5242
177,4551
160,4683
233,5849
216,4083
222,4744
260,5633
239,5759
204,4462
116,4524
245,4826
280,5034
155,5386
139,4595
237,5401
211,5673
220,5078
134,5646
208,4582
198,5316
277,5496
144,5881
201,5166
201,5721
236,4987
142,5150
172,4730
217,5442
231,5112
200,4884
260,4087
216,5098
215,4700
217,4934
244,4652
221,5632
207,4099
190,4468
199,4520
246,4733
195,5585
244,4636
158,4149
254,5137
236,5591
255,4881
224,4007
204,5382
150,5836
134,5646
157,5974
257,4132
165,5598
175,4505
201,5032
175,4814
185,4694
202,5678
270,4681
175,4833
149,4781
223,4495
143,5400
203,4977
165,4640
255,4278
218,4423
193,5909
187,4343
246,4020
237,5851
269,4197
107,5624
147,5805
111,4102
197,4018
257,4537
269,5276
224,4405
262,5032
181,5675
159,4555
207,4671
238,4399
239,5910
206,4264
159,5420
207,4706
262,5524
251,5168
188,4485
254,5014
234,4375
246,5653
158,4527
220,4314
257,5045
143,5630
163,5863
171,4502
261,4542
212,4663
176,4920
257,5875
133,4768
153,5251
218,4625
164,5453
256,4228
150,4917
107,4451
219,4885
237,5364
246,5461
198,5846
176,4494
168,4928
173,5363
106,5173
171,4010
224,5063
216,4887
174,4221
261,4596
229,5027
214,5646
199,5669
182,5677
152,5299
258,5062
182,4371
166,4968
176,5006
193,5154
135,4508
213,5549
168,4088
264,4247
173,4115
142,5360
278,4318
197,5255
226,4547
197,4291
189,5439
210,5250
149,5396
171,5749
243,4524
171,5265
215,5915
174,4051
210,4651
135,5112
134,4778
166,4638
174,4008
252,4832
219,4787
244,5325
132,4195
223,5709
260,4109
269,5951
170,5064
170,5621
173,5327
148,5700
174,4608
263,4591
142,5425
183,4363
174,5784
140,5210
154,4359
108,4645
198,4680
266,4831
197,4793
219,4122
255,5224
255,4477
219,4540
244,5543
132,4263
223,5613
260,5595
269,5703
170,4454
170,5448
173,4776
148,4851
174,4910
263,5826
142,4147
183,5322
174,4287
140,5383
154,4732
108,5928
198,5061
266,5532
197,4209
219,5334
255,5875
255,5936
247,1752
275,1569
291,1102
265,1511
250,1776
291,1880
255,1569
290,1463
276,1742
149,1448
310,1791
273,1364
244,1668
275,1192
308,1176
264,1005
256,1449
252,1837
244,1245
280,1431
227,1317
272,1706
274,1626
310,1817
282,1818
247,1783
262,5311
213,4133
136,4817
134,5291
171,5105
182,4391
185,4469
271,5902
166,5463
196,5852
157,4175
218,4104
142,5930
237,4626
213,5349
241,5391
170,4284
156,4278
228,5419
145,4364
145,5618
166,4369
106,4410
210,4819
235,4411
142,4062
271,4889
245,5439
192,5503
270,4992
197,5099
255,5929
223,5735
256,4366
229,5026
233,4976
164,5567
171,5704
178,5167
233,5073
232,5104
236,4076
197,4491
152,5749
219,4883
205,5580
142,4082
112,4005
254,5827
256,4323
168,4676
171,5872
215,5409
169,4317
149,5944
223,4832
224,5962
186,4506
184,5381
152,5839
249,4568
173,5840
167,5908
230,4483
237,5131
202,4632
134,5233
263,4688
272,5412
231,5227
190,5963
223,4424
257,4355
184,4639
193,5810
204,4717
236,5783
222,4460
140,4001
204,5093
271,5280
108,4024
206,4745
180,4408
193,5224
238,4668
234,4632
271,5164
102,4784
185,5474
273,5832
233,4814
191,5783
239,4304
270,4152
279,4418
233,4615
178,4154
184,4052
202,5208
149,4527
133,4556
224,4902
252,5414
208,4276
256,4456
206,4321
177,4358
269,5032
216,4242
221,5477
210,5102
205,4411
237,4062
139,4217
163,4185
171,4962
261,5994
195,4576
190,4139
236,5724
254,5716
157,4877
245,5325
144,4303
217,5718
249,5078
176,5083
230,4970
204,4504
266,5601
213,5722
147,5525
201,4556
248,5441
167,5791
232,5678
163,4419
201,5901
252,4157
146,4583
160,5839
167,4325
224,4781
239,5978
151,4387
264,5972
242,4644
204,4712
260,5970
279,4560
225,5209
190,4468
152,5026
201,4723
191,5357
140,4453
199,5362
194,5282
273,5608
259,4092
180,4038
251,4458
269,5031
274,4281
250,5475
265,5980
169,5106
211,5191
245,5772
188,5894
244,4064
233,5787
144,4163
221,5289
267,5062
211,5178
205,4923
144,5307
195,4614
232,5139
199,5865
232,5338
272,5983
167,4344
272,4070
247,1556
275,1215
291,1131
265,1404
250,1163
291,1275
255,1197
290,1867
276,1411
149,1136
201,4984
191,5667
140,5924
199,4902
194,5804
273,5724
259,4672
180,5088
251,5347
269,4811
274,4632
250,5565
265,5241
169,4385
211,4354
245,5324
188,4433
244,5715
233,4626
144,5867
221,5320
267,4195
211,5144
205,4254
144,4428
195,5829
232,5285
199,4140
232,5718
272,5112
167,5894
272,5257
247,1326
275,1141
291,1413
265,1644
250,1327
291,1216
255,1385
290,1339
247,1476
152,1993
278,1572
260,1131
254,1335
151,1803
198,1913
243,1353
245,1403
300,1301
303,1003
286,1670
248,1163
244,1789
290,1885
260,1832
310,1105
247,1616
281,1241
260,1800
263,1153
285,1428
269,5133
205,5671
109,5746
216,4535
184,4994
106,5984
228,4456
140,4956
251,4206
153,4578
176,5793
206,5194
189,4690
251,4165
155,4360
260,4687
156,4821
225,5241
284,5346
263,4474
238,5512
267,5292
101,4860
175,4872
261,4119
150,4799
206,5829
254,4827
159,4985
284,4575
170,4112
245,4297
152,5191
193,5757
231,5743
212,4896
185,5449
223,5560
241,5360
215,5552
261,5920
158,4344
166,5871
280,4525
264,5831
204,5612
261,5306
138,4225
225,4829
238,4753
234,5142
237,4785
165,5924
148,5939
148,5821
218,5086
218,4364
181,5106
138,4932
206,4022
172,5165
160,4343
225,4328
206,4014
232,4545
232,4050
197,4865
246,5013
241,4047
211,4032
162,4903
264,4265
211,5087
159,4063
166,4562
163,4584
164,5735
255,4044
153,5748
165,4445
162,4505
223,5318
200,4751
194,4435
257,4897
188,5250
221,5391
193,4855
166,5710
212,4239
252,4507
155,4221
244,5365
162,5719
228,4854
208,4837
156,4293
209,5779
203,4450
196,4622
256,4398
159,4816
137,5888
271,5775
264,4056
264,4518
205,4178
266,5858
200,5206
154,4361
178,5119
198,5768
218,5973
185,4238
235,5498
251,4156
275,5168
156,5237
135,4938
143,4283
240,5277
131,4600
142,5692
275,4597
137,5914
165,4235
250,4277
242,4721
181,5620
211,4812
177,5878
135,5860
151,5414
250,4343
191,4933
158,4303
229,5670
169,4168
164,4540
177,5566
193,4715
198,4090
268,4746
269,5910
275,4824
233,5330
259,4770
239,5791
134,5232
131,4471
194,5995
261,4954
254,5820
161,5734
227,4414
165,4208
156,5313
262,5097
263,4150
196,5172
152,1340
278,1508
260,1726
254,1674
151,1150
198,1996
243,1258
245,1448
268,5603
269,4260
275,5674
233,5323
259,4840
239,4501
134,4950
131,4149
194,4843
261,4931
254,5524
161,5560
227,4916
165,4910
156,5467
262,5985
263,5253
196,4194
152,1711
278,1909
260,1799
254,1392
151,1353
198,1730
285,1666
306,1467
291,1327
292,1925
293,1969
275,1182
274,1066
310,1294
292,1762
256,1980
295,1239
149,1023
294,1273
281,1599
294,1112
249,1274
276,1005
284,1148
134,1008
271,1733
244,1406
264,1960
275,1553
310,1989
301,1586
247,1011
224,5603
242,5635
145,5209
150,4140
266,5905
260,5580
259,4435
192,4068
149,4805
133,5274
145,5424
186,5922
267,5786
157,5684
174,5920
216,5984
143,4693
135,4939
222,5919
140,4053
209,5131
162,4495
152,5596
236,4725
192,4691
233,4140
156,4190
257,4133
228,4750
262,5008
203,4647
217,5966
197,5919
217,4306
200,4918
181,4541
212,4353
217,5588
240,5215
161,4865
157,5611
133,5180
138,5593
158,5089
243,5734
189,4718
272,4632
168,5488
157,5041
217,5182
237,5432
133,4145
243,5840
273,4186
202,5230
240,4409
275,5148
274,4710
272,5654
126,5461
215,5194
175,4269
149,5456
145,4346
257,5656
136,4299
163,4349
256,5013
141,4954
196,4203
154,5528
197,4678
207,4369
258,5664
270,4690
139,5070
197,5423
176,5656
206,5676
176,5061
208,4226
154,5746
206,5203
253,5476
270,5272
271,4006
108,5924
172,4559
265,4951
208,5401
261,4885
197,5211
240,5101
273,4857
180,5940
136,4305
222,4579
231,5528
240,4558
152,5974
206,5627
274,4798
97,5509
243,4076
106,4621
241,5587
217,5761
241,5080
213,5447
134,4200
162,4972
193,5552
138,5297
181,5324
274,4361
254,4930
196,5111
157,4964
130,4317
273,5491
154,5489
166,4758
171,4227
177,5618
195,5785
269,5517
196,4634
244,5140
137,5490
201,5165
211,5185
266,4195
222,5953
241,4412
226,5225
254,4072
222,4950
148,4892
194,5916
177,5599
150,5854
111,4245
172,5064
234,5438
257,5180
221,5005
171,4699
231,5825
187,5326
233,5076
268,4834
262,4941
284,4562
259,4664
221,5473
271,4547
249,4397
259,4315
176,5316
139,4942
243,4959
248,5946
247,5891
230,5619
134,5016
184,4667
263,5445
121,4814
160,5807
229,5340
306,1739
291,1019
292,1321
293,1494
275,1585
274,1833
310,1975
292,1270
256,1686
234,5213
257,4924
221,4948
171,5921
231,5917
187,5164
233,5289
268,4348
262,4404
284,5479
259,4259
221,5743
271,4305
249,5000
259,4608
176,4276
139,5502
243,5827
248,5567
247,4873
230,5391
134,5783
184,4931
263,4680
121,5833
160,5132
229,5378
306,1281
291,1046
292,1056
293,1278
275,1266
274,1174
310,1806
292,1969
275,1228
310,1860
281,1987
256,1033
304,1749
285,1582
283,1882
304,1236
282,1661
304,1178
301,1844
296,1005
264,1660
306,1461
243,1362
286,1418
247,1668
292,1932
281,1715
294,1302
279,1499
298,1629
248,1997
261,1217
136,1370
259,1271
292,1094
305,1873
304,1392
218,5142
268,4681
110,4124
248,5198
194,5780
151,5643
205,4853
275,4163
229,5149
169,5716
137,4980
263,4181
187,4181
287,5889
134,5230
244,4015
229,5868
203,4845
183,4422
146,4348
252,5676
133,4314
207,4816
243,5705
219,5573
182,5510
257,5084
256,5469
181,4971
219,4893
227,4375
232,5146
143,4401
274,5517
186,4430
273,5163
199,5258
238,4724
175,5784
252,5476
250,5621
254,5608
201,5115
234,5548
164,5008
197,4326
158,4460
158,5335
111,4575
215,4731
233,4293
204,5614
254,5718
162,5537
249,4396
151,5154
243,4573
181,5078
241,5942
175,5740
191,5073
260,4919
263,4390
254,4230
103,4860
254,5655
235,5549
167,4621
140,4191
231,4940
144,5760
183,4533
149,5542
145,5645
223,5062
251,4898
240,5170
226,4833
200,5072
213,5996
166,5258
203,5289
175,5643
197,5826
158,5782
257,5325
183,4042
254,4890
219,4390
271,5831
236,5266
170,5258
203,4190
258,4314
228,4783
251,4877
166,4254
147,5042
248,4271
238,5254
219,4604
226,4700
211,4733
139,5721
137,5804
222,4343
257,5331
186,5239
262,5085
248,4781
245,5663
202,5107
279,5405
263,4505
227,4647
245,4129
142,4594
192,4037
190,4102
146,5817
161,4391
192,4180
267,5528
186,5592
149,4209
246,5473
177,5527
199,4463
247,4698
157,4343
202,4322
150,5787
209,4348
223,5977
234,4839
147,4012
201,5771
134,5279
229,4352
200,5583
239,4756
237,4541
121,4790
156,5255
195,5577
261,5515
255,5936
212,5791
241,5206
266,5928
253,5652
192,5190
263,4041
198,5380
225,5274
209,4184
222,4068
162,5971
217,5518
252,5328
236,4248
113,5610
157,5354
169,5683
268,4152
259,4408
135,4716
196,5380
132,4233
256,5750
240,4436
225,4009
205,5182
146,5805
281,1480
256,1752
304,1256
285,1180
283,1578
304,1890
282,1716
304,1184
301,1628
296,1230
264,1039
306,1595
241,4493
266,4889
253,5892
192,4922
263,4243
198,5730
225,5997
209,5095
222,4650
162,4480
217,4380
252,5495
236,4132
113,4053
157,4631
169,4188
268,4459
259,5102
135,4901
196,4258
132,4392
256,5368
240,4908
225,4947
205,4270
146,4472
281,1215
256,1676
304,1226
285,1016
283,1722
304,1864
282,1553
304,1254
301,1209
296,1446
264,1822
304,1342
305,1015
309,1941
266,1312
233,1809
287,1437
268,1170
290,1070
291,1248
227,1965
222,1321
301,1943
304,1983
133,1212
218,1238
304,1949
260,1698
252,1460
253,1812
248,1851
237,1733
264,1399
308,1216
270,1211
269,1822
271,1302
244,1418
245,1904
219,1388
257,1929
226,5048
200,5783
260,5801
142,5346
193,5888
180,4655
232,5298
148,4133
205,4277
212,4811
168,5235
145,4232
253,5979
143,4253
267,4720
123,5323
106,4180
249,4129
178,4369
148,4243
144,5197
249,5572
128,5143
228,5573
242,5559
272,4933
173,4893
189,4329
245,4000
211,5757
214,4391
215,5669
248,5703
225,4284
120,4381
243,4133
214,4794
144,5221
242,5493
160,4648
139,4433
221,5971
266,5712
140,4528
134,5209
260,5738
261,5349
274,4929
263,4020
189,5838
257,5394
195,4482
201,5733
264,5186
180,4024
220,5572
113,5509
168,5684
251,4298
245,4835
164,4365
232,5806
138,5358
233,5740
150,4711
253,5846
179,4061
135,5405
166,5853
196,4342
238,4337
159,4044
226,4208
182,5398
173,5265
257,4130
223,5653
194,5174
281,5675
236,5711
165,4795
200,4222
168,4541
266,5209
226,5576
143,5612
116,5602
139,4446
248,4700
135,5834
265,4106
175,4995
256,4435
217,5925
203,4443
145,5513
268,4215
206,4437
215,4198
177,4382
183,5538
227,4618
209,5057
193,5090
144,4380
192,4130
247,5725
199,5207
273,5756
232,4662
214,5319
156,5086
200,5108
196,4741
189,5830
266,4030
198,5725
144,4978
217,5891
169,4541
153,4608
152,5324
245,4627
237,5277
266,5516
216,4458
186,5501
280,5192
229,4869
225,5529
149,4357
200,4401
246,5815
150,4742
175,5797
141,5775
102,4111
209,4367
287,5282
212,5761
205,5407
180,4200
229,5660
182,4112
183,4789
212,5759
235,4689
210,5081
111,4424
270,5149
135,4684
143,5021
216,5059
136,5308
145,5696
142,5116
175,4874
183,5329
191,4956
247,4157
170,5662
275,5393
147,5882
188,4174
248,5587
245,4594
164,4454
260,4661
149,4605
174,4132
242,5682
134,4933
189,5193
263,5216
280,5858
258,4538
179,5242
250,5306
212,4774
236,4257
239,5023
305,1276
309,1712
266,1983
233,1495
287,1509
268,1274
290,1366
291,1135
227,1687
175,4194
183,5015
191,4243
247,5749
170,4214
275,4619
147,4865
188,4632
248,5281
245,4719
164,4657
260,5886
149,5460
174,4318
242,5825
134,5423
189,4410
263,5991
280,5273
258,5069
179,4129
250,4531
212,5864
236,4347
239,4192
305,1172
309,1866
266,1862
233,1861
287,1579
268,1324
290,1505
244,1913
245,1158
219,1867
257,1358
250,1783
249,1189
259,1627
266,1503
244,1648
239,1934
270,1520
270,1199
257,1957
243,1633
264,1659
224,1049
304,1755
243,1922
272,1355
269,1537
267,1384
251,1679
249,1012
284,1550
254,1880
269,1264
265,1393
220,1830
217,1503
285,1017
265,1514
240,1200
247,5226
179,4615
142,5425
207,4145
183,5849
167,5544
175,5208
183,5881
176,5307
187,5417
143,4142
136,5976
178,5396
208,4983
171,5635
197,4614
179,5814
197,5889
285,4505
141,5113
274,4773
287,4903
218,4198
213,5535
207,5742
273,4064
185,5995
192,5179
276,4306
229,5724
248,5287
267,5204
272,5458
153,5487
246,5056
261,4529
207,5270
133,4634
269,5932
251,5986
252,4956
135,5275
273,4585
168,4653
233,4758
133,4677
147,5164
249,5633
259,4117
194,5171
134,4881
98,4432
138,5612
193,5087
184,4742
172,5098
248,4701
114,5334
201,4657
206,4372
185,5254
272,4972
266,4286
203,5735
218,4823
279,4632
159,4648
138,5687
224,5896
269,4309
121,5231
134,4522
259,5344
206,4093
209,5701
145,5709
164,5717
133,5464
178,5686
175,4200
242,4898
202,4575
176,5149
203,5274
207,5008
268,4927
244,5109
134,4693
143,4392
246,5556
157,5228
169,5147
231,4449
262,5043
227,4290
162,5477
148,4812
138,4837
255,4824
218,5841
260,4091
142,5502
257,4180
252,4176
151,4122
190,4736
137,4068
164,5456
271,5328
162,4573
221,4034
202,4559
143,5836
254,4703
96,4984
199,4847
198,5182
257,5198
149,4310
193,5280
284,5619
205,5264
185,4520
268,4955
252,4339
196,5656
149,4654
154,4669
267,4053
208,5661
275,4287
272,5939
280,4074
202,4930
184,4581
244,5515
138,5401
109,5407
189,5292
170,4069
183,4598
263,4429
271,5853
202,4496
265,5070
220,4472
274,4873
212,4552
244,5559
252,5017
158,4743
286,5490
164,4639
170,4998
269,4930
238,4002
198,5315
184,5235
265,4347
204,4534
233,5759
134,5694
153,5474
241,4253
187,5022
148,5622
133,5439
250,1623
249,1326
259,1678
266,1639
244,1185
239,1879
270,1187
270,1079
257,1513
243,1634
271,5078
202,4249
265,5986
220,5159
274,4762
212,4969
244,4103
252,5782
158,5736
286,4497
164,5170
170,4891
269,4158
238,5808
198,4249
184,4686
265,5447
204,5375
233,5519
134,4214
153,4056
241,5697
187,4893
148,5267
133,5002
250,1018
249,1710
259,1730
266,1220
244,1108
239,1451
270,1786
282,1580
295,1981
255,1253
292,1826
244,1317
306,1210
258,1506
265,1391
227,1620
276,1560
244,1795
217,1552
211,1172
227,1354
249,1014
269,1006
278,1140
282,1385
300,1607
259,1624
295,1611
238,1657
270,1303
267,1119
270,1280
245,1923
262,1068
245,1122
268,1943
262,1488
283,1483
260,1001
258,1677
130,1877
262,1053
293,1764
255,1238
242,1555
264,1622
253,1485
271,1667
250,1777
266,1590
286,1594
275,1373
295,1392
269,1341
239,1780
271,1867
165,1529
302,1614
293,1919
202,5524
185,4246
210,5942
186,5924
163,5913
168,5964
199,4391
271,4958
164,4796
231,4696
196,4141
218,4949
267,4440
163,4440
224,4887
156,5107
175,4883
257,5365
259,4509
112,5716
145,5735
230,4957
188,5016
132,4512
239,5502
167,4605
133,4004
270,5080
229,5364
261,4852
192,4774
217,4848
246,4908
208,5321
148,5790
132,4902
249,5051
225,5468
279,4607
183,4921
215,5238
195,4225
156,4467
160,4106
153,5297
215,4670
163,4556
195,5198
170,4587
133,5937
171,5981
186,4764
246,5960
170,5427
189,5245
216,5767
264,5137
268,5320
225,4577
252,5233
204,4586
193,4450
220,5324
271,5192
227,4104
206,5941
142,4644
236,5210
275,5395
144,4629
194,5168
260,4591
240,4410
136,5739
132,4687
266,5121
263,4782
270,5807
208,4258
206,5520
159,5230
162,5913
177,4417
168,4096
267,4914
222,5844
234,4781
133,5724
207,4533
243,4811
161,4470
193,5302
234,5769
185,4138
242,4806
252,4147
179,5495
158,5602
226,4002
269,5962
148,5685
159,5704
273,5361
233,5306
182,4473
153,4023
210,5683
241,4558
220,5032
211,4856
151,4088
267,4775
250,4808
181,5398
197,4339
172,4647
219,5223
189,5717
225,4539
269,5833
157,4199
189,5422
226,4946
220,4382
275,4875
171,4310
235,5289
201,4887
269,5673
182,5579
266,4500
157,5991
258,5476
280,5288
154,4106
274,4257
180,4332
146,4126
236,5851
133,5296
173,4307
210,5556
238,4991
268,5275
175,5471
280,4539
153,4027
251,4376
252,4262
201,5472
216,5878
126,4073
177,4199
145,5783
258,5371
273,4251
245,4523
241,4413
208,5345
282,1193
295,1159
255,1113
292,1434
244,1130
306,1691
258,1966
265,1629
227,1667
276,1519
244,1980
217,1732
211,1368
227,1982
249,1027
269,1073
278,1716
282,1013
300,1790
146,5384
236,5466
133,5973
173,5284
210,4163
238,4206
268,5647
175,4771
280,5156
153,4492
251,5232
252,5769
201,5146
216,4092
126,4128
177,5037
145,4836
258,4200
273,4896
245,5835
241,4741
208,4530
282,1434
295,1963
255,1869
292,1565
244,1867
306,1372
258,1558
265,1753
227,1242
276,1022
244,1179
217,1974
211,1760
227,1804
249,1727
302,1503
293,1117
232,1716
279,1447
251,1038
300,1188
133,1544
283,1136
296,1686
261,1397
286,1747
298,1657
287,1936
251,1322
231,1418
249,1298
244,1174
264,1688
254,1002
264,1637
309,1463
298,1631
265,1867
246,1504
222,1672
250,1296
240,1301
246,1176
293,1052
253,1977
258,1819
258,1051
245,1851
307,1073
301,1958
252,1249
272,1681
221,1630
247,1699
260,1930
251,1077
227,1917
269,1826
161,1683
256,1622
303,1203
257,1565
310,1497
238,1150
191,4471
252,4852
228,4731
208,4767
176,5168
233,4874
104,5235
237,5980
252,5281
135,5173
137,5111
228,5129
236,5783
239,4537
199,4697
269,4177
226,5875
264,5043
264,4025
186,4437
154,4219
239,5757
139,4449
138,5885
286,5106
275,4622
195,4008
267,5337
223,5935
198,5520
250,4724
237,5761
193,5873
216,5804
253,4567
132,4785
140,4018
114,4452
238,5620
210,5932
272,4363
184,5594
168,4665
231,4718
143,4057
182,5735
221,4076
225,5714
227,4892
266,5154
247,4588
154,5322
179,4131
249,4034
156,4661
206,4620
245,4173
197,4379
188,5216
237,4263
174,5892
266,4969
151,4611
271,4967
214,4447
261,5442
166,5905
269,5294
167,5995
200,5249
159,4194
197,4977
219,4069
239,4486
146,5375
173,4242
220,4894
185,4317
170,4996
250,5272
145,4079
211,5831
249,4274
237,5516
144,5478
171,4343
203,4965
137,4042
212,5427
209,4036
223,5336
164,4150
220,5269
216,5651
215,5988
146,5659
168,5225
218,5101
143,4919
233,5331
195,4418
206,4635
181,5310
150,5922
258,4212
149,4678
163,4200
259,4481
187,4792
172,5024
139,5839
203,4162
150,4662
201,5077
194,5553
159,4756
238,4937
189,4567
173,4135
171,5082
154,5440
173,4634
186,4134
224,5546
186,5131
196,5514
149,4819
224,5961
154,5594
170,4049
150,5987
240,4744
139,5958
251,5972
237,4747
227,4450
131,5299
161,5804
195,4224
266,5356
198,4250
200,4291
196,5844
285,5759
265,5649
131,5084
216,5404
253,5621
230,5278
173,4684
206,4080
189,4869
270,4078
266,5531
270,5477
216,4616
147,4575
270,4725
261,5171
261,4007
177,4392
142,4624
222,4663
186,5418
177,5006
251,4433
240,5525
260,5425
206,4991
242,4811
194,5566
232,1014
279,1990
251,1568
300,1787
133,1783
283,1404
296,1717
261,1891
286,1959
298,1735
287,1581
251,1660
231,1913
249,1561
244,1699
264,1829
254,1020
264,1758
309,1771
298,1853
265,1568
246,1071
222,1329
250,1690
240,1711
246,1335
293,1281
189,5254
270,4459
266,5221
270,5873
216,5329
147,5822
270,4195
261,4145
261,5248
177,5451
142,4280
222,4597
186,4357
177,5374
251,4252
240,4385
260,4162
206,5479
242,5341
194,5779
232,1187
279,1246
251,1230
300,1696
133,1239
283,1512
296,1823
261,1524
286,1750
298,1520
287,1850
251,1864
231,1247
249,1654
244,1787
264,1296
254,1545
264,1007
309,1335
298,1551
265,1929
246,1297
222,1311
250,1890
269,1243
161,1377
256,1533
303,1009
257,1953
259,1724
249,1398
289,1116
308,1118
297,1520
255,1353
266,1253
302,1597
223,1344
261,1703
273,1922
260,1221
266,1852
164,1886
240,1117
305,1418
248,1475
279,1480
244,1315
267,1097
275,1513
299,1036
254,1488
273,1524
218,1278
267,1837
259,1066
272,1805
281,1220
267,1935
260,1927
261,1918
219,1752
264,1639
310,1563
297,1631
274,1512
246,1053
221,1960
295,1495
259,1697
138,1597
250,1205
236,1705
267,1505
283,1384
244,1817
260,1809
276,1358
307,1653
266,1709
237,1084
251,1869
247,1349
279,4620
230,5163
234,5100
152,5351
160,4733
263,5303
164,5910
209,5098
245,4694
172,5919
180,4907
145,4522
248,4932
242,4805
237,5045
203,4793
186,4403
155,5986
153,5604
199,4659
219,4605
156,5488
135,4324
244,5389
183,5023
258,4555
168,5853
161,4108
246,4497
232,5828
155,5577
162,5868
123,4166
235,4575
179,5417
202,5746
272,5378
185,5338
188,4336
250,5449
224,4553
261,5943
200,4337
200,5837
143,4512
199,5089
157,5791
225,4304
152,4193
236,5101
266,5459
243,4410
224,5659
153,5897
232,5737
253,4754
150,5328
198,5724
231,4305
135,5614
153,4711
201,4869
273,5676
245,4298
157,4491
150,4965
243,4675
105,5824
221,5059
236,4858
263,4193
213,5495
259,5683
190,4766
213,5550
261,4623
254,4946
151,4587
187,5657
139,4606
173,4741
136,5175
272,5597
116,4649
181,4212
230,4914
127,5964
182,5760
186,4556
271,4610
171,5385
238,5328
184,4453
214,4767
279,4898
168,4184
221,4511
260,5379
204,5010
142,4918
178,5669
203,4234
180,4329
193,4596
99,4259
250,4347
152,4250
265,5418
226,4566
234,4405
225,4732
161,4623
246,5110
162,4850
135,5016
201,4875
235,5533
214,5192
245,5678
192,5564
179,4333
210,5440
209,4635
200,4323
165,4871
168,4296
203,5192
202,5416
266,5252
248,5182
173,5395
156,5668
109,5978
250,4830
195,5641
160,4018
189,5320
239,5897
204,5399
156,4610
192,5695
233,5546
253,5944
277,4165
211,5883
172,5554
211,4498
248,4521
176,5623
100,5841
195,4393
137,5617
195,5464
185,5810
250,4753
150,4660
166,4251
257,4127
249,4392
268,4480
273,5749
246,4107
142,4843
168,5464
249,5978
220,5319
189,4765
237,5623
247,5324
250,4543
207,4602
201,4202
142,5326
207,4639
214,4310
134,4337
178,4146
186,4686
250,4505
172,5434
265,4049
158,4244
180,5536
173,5364
153,5772
182,5197
192,5004
285,4112
151,4279
242,4501
237,5860
259,1032
249,1046
289,1708
308,1118
297,1954
255,1005
266,1287
302,1632
223,1579
261,1266
273,1316
260,1131
266,1504
164,1708
240,1321
305,1479
248,1471
279,1060
244,1978
267,1017
275,1754
168,4240
249,4696
220,4555
189,4553
237,5922
247,5214
250,5322
207,4179
201,5340
142,4472
207,5852
214,4938
134,4244
178,4774
186,5604
250,4488
172,5106
265,4380
158,4166
180,5068
173,5749
153,5456
182,5624
192,4056
285,5030
151,4692
242,5803
237,4476
259,1177
249,1673
289,1822
308,1303
297,1080
255,1192
266,1876
302,1647
223,1124
261,1794
273,1223
260,1140
266,1274
164,1243
240,1852
305,1072
248,1284
279,1210
244,1702
237,1429
251,1154
247,1044
262,1532
223,1170
275,1145
139,1284
245,1155
278,1033
243,1776
309,1290
279,1150
247,1903
235,1059
268,1906
309,1305
308,1125
237,1593
291,1241
264,1736
212,1284
196,1694
260,1860
266,1201
254,1491
249,1018
279,1300
306,1261
249,1530
297,1249
273,1561
299,1817
240,1574
260,1765
251,1924
256,1693
226,1659
262,1197
261,1334
181,1324
254,1928
288,1806
245,1798
252,1809
293,1326
253,1729
245,1606
247,1946
274,1371
283,1480
286,1690
257,1695
258,1232
201,5616
231,5392
161,5133
250,5845
169,4179
191,4318
271,4186
271,5218
224,5821
276,5302
264,5258
185,4354
253,4112
155,4432
219,5632
204,4768
196,5496
205,4483
187,4725
221,5267
143,5165
135,5858
207,5596
245,4692
257,4677
186,5694
246,4054
255,4504
206,4645
178,4298
274,4154
269,5107
282,4766
108,4874
268,4709
215,5052
169,5323
165,4482
192,5856
206,5076
151,4408
150,4950
250,4316
168,5986
137,4657
148,5216
215,4057
269,4013
139,4060
205,4944
212,4925
136,5749
231,4088
215,5151
179,5624
223,5374
210,5566
133,5653
187,4292
256,5630
138,4788
198,4020
256,4145
254,5546
267,5230
286,5588
215,4042
222,4949
267,4837
235,5908
181,4154
173,5530
208,4803
221,4114
141,5000
238,4910
126,4372
196,4752
169,4032
249,5184
198,4659
197,4410
251,5215
145,5780
249,5253
103,5089
264,4426
206,4243
139,5135
270,5248
227,4878
179,4828
273,5269
153,4944
112,5248
114,5865
214,4117
196,5031
159,4382
258,5862
125,4997
232,5219
196,5709
257,5549
219,5124
223,5977
166,4137
264,4435
182,5914
260,4529
268,5486
272,4098
135,4760
164,4442
153,5818
175,4274
231,5148
222,5555
261,5844
223,4604
222,4027
240,5794
137,5208
181,5964
261,5722
226,4804
246,5705
226,5460
238,4723
173,4453
257,4415
160,5112
179,4459
101,4807
263,5390
210,5683
166,5107
163,4862
143,4402
248,4212
198,4940
150,5355
195,5004
213,4266
245,5982
199,5557
192,4142
247,4582
221,4741
200,5193
260,5540
98,4643
198,5719
168,5698
260,5134
266,5773
239,5366
214,5801
203,5929
264,4320
169,5607
167,5749
266,5671
182,4303
195,5339
153,5198
238,5369
238,5186
180,5500
262,1177
223,1484
275,1924
139,1691
245,1884
278,1967
243,1118
309,1151
279,1836
247,1461
235,1393
268,1660
309,1782
213,4490
245,5051
199,4377
192,5669
247,4832
221,4523
200,4944
260,4224
98,5188
198,5025
168,5276
260,4730
266,4639
239,4425
214,4573
203,4196
264,4025
169,5957
167,5042
266,4102
182,5555
195,4944
153,4624
238,5907
238,4046
180,4408
262,1696
223,1678
275,1349
139,1081
245,1437
278,1761
243,1637
309,1880
279,1128
247,1941
235,1032
274,1875
283,1374
286,1282
257,1329
223,1400
239,1001
246,1400
295,1587
305,1588
177,1148
257,1262
306,1123
226,1704
228,1381
225,1476
289,1864
261,1409
255,1886
266,1510
290,1784
235,1460
250,1490
245,1409
286,1096
271,1989
242,1192
282,1091
254,1003
242,1004
263,1551
278,1126
255,1624
184,1330
257,1108
214,1983
301,1200
264,1273
256,1080
275,1507
236,1953
303,1224
284,1652
229,1279
258,1665
243,1066
306,1378
235,1386
150,1021
291,1112
278,1038
240,1986
272,1534
246,1911
266,1090
252,1015
254,1824
305,1426
307,1406
278,1180
265,1897
248,1005
299,1052
280,1866
247,1228
273,1361
254,1638
246,1876
251,1433
262,1400
245,1956
273,2000
268,5006
244,5337
260,5044
271,4108
219,4919
193,5354
149,5979
268,5909
151,5039
171,5211
202,5220
174,5627
227,4041
175,4143
191,4586
240,5734
238,5092
99,5470
142,4619
148,5473
129,5554
262,4506
190,4460
268,4704
205,5294
186,5818
185,5545
173,5432
208,4999
177,4881
190,5065
257,4895
168,5183
229,4447
152,5396
154,5670
239,4975
252,4888
258,4363
184,5430
148,4065
240,4447
169,5580
156,4519
264,5555
223,5832
233,4275
230,5891
175,5341
155,4534
220,5864
283,4115
239,4084
248,4813
256,5068
267,5746
207,4092
204,5926
209,4407
183,5866
140,4636
161,4799
151,4908
257,5095
199,4067
191,5851
236,5755
217,4723
202,5716
246,4273
194,5024
221,4715
231,5482
254,4426
252,5266
196,4569
104,5652
156,5987
250,4183
267,5940
197,5210
227,5465
248,4075
274,5157
232,5877
181,5966
101,4353
161,4348
268,4219
218,4967
192,4308
197,4277
253,5624
183,5326
177,5311
241,5134
180,5105
158,5221
209,4808
273,4058
226,5600
178,4576
151,4529
212,5022
239,4410
257,4183
165,5813
183,5690
135,5013
200,4686
162,5294
218,5288
158,4744
213,5214
215,4940
268,5195
207,4252
270,5675
245,5366
154,4705
155,5446
238,4709
151,5179
185,5926
171,4826
206,4185
232,4255
187,5524
209,5884
262,4015
154,5540
163,5194
257,4869
265,5087
220,5503
201,4953
268,4400
139,4550
241,5051
145,5665
157,4990
203,4185
163,4463
263,4010
258,4562
251,4228
140,4558
179,4071
211,4734
271,4569
181,5444
130,4726
264,5841
221,4856
194,5931
201,4857
166,4523
254,5658
144,5496
171,4236
240,4986
232,4576
145,4403
275,4086
146,4032
207,5066
157,4385
146,5245
139,5667
223,4178
224,5674
174,5064
152,4224
223,4480
223,1010
239,1429
246,1622
295,1235
305,1099
177,1854
257,1778
306,1490
226,1174
228,1727
225,1082
289,1385
261,1713
255,1634
266,1592
290,1544
235,1839
250,1689
245,1293
286,1132
271,1184
242,1791
282,1260
254,1654
242,1444
263,1995
278,1210
255,1575
184,1705
257,1012
214,1693
130,4363
264,5835
221,4126
194,4809
201,4440
166,4765
254,4985
144,5351
171,5252
240,5219
232,4345
145,4243
275,5066
146,4128
207,4083
157,4878
146,4576
139,5012
223,4439
224,5603
174,4902
152,5325
223,4704
223,1232
239,1986
246,1489
295,1217
305,1787
177,1560
257,1409
306,1703
226,1348
228,1853
225,1646
289,1918
261,1837
255,1156
266,1440
290,1929
235,1821
250,1969
245,1996
286,1636
271,1132
242,1419
282,1744
254,1573
242,1824
263,1625
246,1257
251,1616
262,1509
245,1924
273,1409
272,1188
269,1454
263,1874
284,1584
232,1916
219,1071
206,1679
242,1382
250,1247
267,1892
269,1872
248,1415
154,1915
239,1399
269,1118
239,1048
237,1526
231,1075
249,1662
262,1418
300,1179
265,1357
270,1836
265,1555
263,1258
305,1872
253,1344
248,1973
290,1710
239,1042
282,1566
275,1107
268,1876
253,1962
294,1148
240,1255
228,1844
179,5159
260,4071
155,4094
204,4133
247,4284
213,5947
252,5119
165,4351
174,4846
157,5187
177,4550
140,5713
204,5723
174,4998
148,5437
166,4759
232,5607
191,5507
270,5566
263,4042
214,5595
153,4404
218,4594
201,5121
265,5508
226,4604
155,5033
146,4524
177,4890
171,4209
149,4026
268,5385
150,5502
217,5554
205,4086
220,5543
168,4583
203,5356
235,4013
261,5482
266,5298
154,5659
268,4543
169,5485
165,4176
171,5190
275,4450
184,5438
236,4800
261,5116
251,5368
202,4003
155,4397
157,5715
191,5189
194,4295
154,4675
270,4843
259,4223
156,4098
236,4308
188,5720
183,4842
149,5508
199,5740
245,4297
158,5438
146,5489
260,4586
238,5508
201,5529
220,5894
172,4834
274,4477
169,5692
256,5352
150,5211
176,5284
269,5672
224,4380
201,5137
179,4085
245,5743
139,4041
261,4307
147,5454
240,4818
224,5115
236,4298
173,4797
201,5361
140,4799
203,5440
173,5979
198,4564
273,5712
131,4005
178,5382
175,5944
145,4686
256,4970
175,5445
170,4574
206,5443
145,5801
266,5195
183,4071
210,4079
134,5610
223,5243
223,4373
255,5616
270,5212
260,5684
225,4725
237,4697
111,5988
230,5363
193,5706
162,4235
195,4743
123,5284
248,5211
151,5610
252,5226
134,5090
189,4160
159,4990
173,4963
254,4934
241,5666
262,4357
265,5416
201,5355
233,5539
164,5603
180,5622
199,4490
140,4065
140,4347
146,5631
216,4409
159,4099
222,5857
240,4319
189,4278
252,5050
149,4598
199,4417
244,4172
272,1816
269,1667
263,1257
284,1436
232,1246
219,1475
206,1593
242,1717
250,1438
267,1378
269,1022
189,4617
159,5691
173,4351
254,4764
241,4965
262,4064
265,4883
201,4592
233,4255
164,4134
180,5666
199,4164
140,5481
140,5042
146,5204
216,5672
159,4295
222,4199
240,4638
189,4997
252,4630
149,5434
199,5210
244,4761
272,1754
269,1630
263,1605
284,1845
232,1057
219,1483
206,1074
242,1820
250,1111
267,1067
269,1665
240,1079
228,1726
262,1887
306,1815
276,1136
183,1504
239,1239
285,1516
229,1883
308,1563
293,1534
247,1623
260,1667
308,1113
274,1748
236,1552
291,1817
247,1499
217,1007
246,1555
301,1083
259,1991
275,1438
309,1289
232,1540
244,1007
267,1716
254,1071
270,1631
301,1747
221,1608
243,1312
264,1711
228,1044
262,1916
270,1167
131,1628
257,1405
245,1472
272,1868
284,1153
285,1591
250,1618
272,1067
254,1248
217,1360
253,1166
276,1793
241,1145
259,1357
272,1171
280,1735
257,1090
282,1417
268,1354
238,1841
310,1003
187,5691
167,5301
197,4429
214,4708
174,4295
239,5482
249,5940
141,4124
179,4325
253,5030
219,4086
249,5720
196,4431
244,5634
144,4264
240,4964
222,4834
246,5029
188,4887
153,4829
151,4437
237,5668
194,5383
241,4861
209,5607
160,5642
251,4800
193,5026
169,5743
234,4455
192,4518
160,5754
201,4548
260,4239
244,5181
219,5263
219,4422
175,5150
196,4474
230,5189
262,4783
228,5913
138,5714
240,4787
104,5211
261,4035
181,4399
152,4699
215,5185
266,4486
265,5135
142,5372
169,4500
257,5196
142,4234
233,5408
136,5038
173,4736
221,4927
204,5610
149,5724
166,5990
265,5164
140,5253
234,4868
139,5181
232,5629
187,5640
197,4890
273,5223
201,4890
201,4865
227,5782
171,4783
192,5069
226,4831
252,4040
177,4243
211,4058
170,4912
118,5510
146,5225
150,4565
243,5700
135,4335
209,5899
217,5461
287,5972
239,4022
189,4636
139,4648
255,5865
132,5461
136,5060
143,4761
201,4394
278,4361
213,4367
202,4456
240,5045
223,4671
193,5975
224,4908
202,5818
236,4082
216,5107
229,5324
275,5394
250,5067
196,4433
220,5289
152,4430
186,5522
189,5866
222,5362
139,5317
169,4253
137,5016
212,5339
230,4450
262,5141
166,5192
99,5872
263,5395
223,4310
220,5653
242,5915
163,5912
273,4219
261,5385
179,5198
182,4128
202,5030
154,4820
224,5754
139,5531
256,5375
251,4038
254,4148
181,5423
254,5637
239,4942
167,5101
192,4140
163,5021
213,4747
230,4018
264,4970
182,4121
223,4905
261,4158
248,5783
169,5347
188,4031
142,4429
208,5707
239,4247
218,4303
137,4962
97,5801
242,5151
153,4499
188,5713
272,5328
165,4080
218,5692
153,5161
250,4016
204,5359
154,5674
233,5361
225,4718
269,4488
173,4978
145,5127
242,5866
255,4091
254,4104
150,4383
201,5128
262,1751
306,1465
276,1319
183,1336
239,1859
285,1935
229,1857
308,1154
293,1477
247,1831
260,1434
308,1705
274,1293
236,1123
291,1796
223,5738
261,5006
248,5621
169,4213
188,4856
142,4780
208,5266
239,5384
218,4435
137,4861
97,4375
242,4127
153,5761
188,4835
272,4042
165,5856
218,5039
153,5162
250,4747
204,4038
154,5317
233,4272
225,5623
269,5616
173,5789
145,5802
242,4806
255,5282
254,5121
150,5767
201,4295
262,1493
306,1449
276,1120
183,1158
239,1518
285,1491
229,1733
308,1152
293,1145
247,1537
260,1324
308,1841
282,1857
268,1586
238,1848
254,1064
252,1474
254,1594
263,1426
256,1551
264,1755
237,1357
226,1510
289,1656
281,1970
258,1032
263,1635
245,1937
296,1826
286,1866
252,1756
301,1393
290,1488
247,1297
238,1965
263,1059
263,1740
248,1046
289,1178
256,1927
287,1837
250,1026
301,1966
245,1537
226,1133
272,1045
307,1578
138,1604
248,1810
307,1511
256,1507
301,1443
245,1610
168,1227
295,1600
299,1527
253,1488
269,1073
267,1818
212,4411
258,5719
136,4911
101,5560
191,5578
186,4287
104,5590
201,4797
235,4172
271,5204
133,5989
256,4814
225,4438
202,4134
214,4717
217,4209
241,5672
263,5997
273,4221
199,5016
198,5382
101,5080
155,5483
155,5661
117,4666
262,5747
142,5468
115,4609
175,4600
239,5363
171,4271
174,4348
164,5492
262,5738
262,4422
245,5449
184,4875
231,4892
226,5600
211,5851
266,4578
216,4309
153,5743
242,4717
282,5182
165,4574
146,4944
113,4743
161,5757
219,4518
237,5261
246,4384
229,5471
195,4224
160,4522
144,5983
217,5602
240,4412
210,4011
249,5459
178,5520
224,4493
142,4915
163,5529
261,4632
151,4767
197,4715
155,4182
152,4809
275,5008
102,5936
285,4401
248,4366
274,5036
104,4323
176,5456
237,4369
247,5095
212,4463
226,4532
213,5415
177,5282
235,4633
263,5741
181,5337
178,4122
243,4130
230,4742
106,5867
266,4867
284,4171
233,4751
200,4777
176,5292
279,4405
164,5070
163,5002
254,4404
234,4269
191,4021
224,4214
250,4232
101,4146
227,5058
173,5521
209,4384
241,4132
257,5972
146,4345
129,5444
285,4768
133,5213
185,4786
193,5714
228,4974
179,5058
224,4896
279,5855
181,5717
198,4526
193,5817
184,4208
139,5920
210,4560
225,4520
189,4738
164,5736
196,5303
246,4533
188,4571
250,4380
156,5795
218,5480
172,5791
259,4380
231,4623
224,4271
201,4048
189,4374
265,4565
147,5357
195,5783
216,5891
148,4031
180,4200
169,5976
200,5400
255,5632
238,4051
163,5088
177,4031
206,5785
175,5272
247,4250
152,5809
162,5394
206,5915
186,5540
179,4487
172,4929
158,4865
143,4060
171,4994
175,4426
173,4040
268,4531
232,5923
203,4217
140,5300
138,4327
262,5146
245,4024
224,4806
186,4585
282,5422
266,4786
256,5571
155,5464
142,5700
229,4600
211,5583
264,5337
217,5571
145,4077
185,5854
221,5582
208,4632
260,5368
177,5646
144,4175
174,5692
215,4158
270,5085
209,4540
103,5413
184,4674
226,5033
158,4324
274,5029
245,5429
254,1932
252,1312
254,1174
263,1762
256,1970
264,1922
237,1734
226,1912
289,1543
281,1235
258,1068
263,1276
245,1605
296,1427
286,1262
252,1470
301,1707
290,1886
247,1096
138,4766
262,4428
245,5226
224,4862
186,5054
282,5065
266,5260
256,5244
155,5709
142,5174
229,4271
211,4550
264,4644
217,4247
145,4492
185,5704
221,4646
208,4342
260,4474
177,4299
144,4970
174,5556
215,4673
270,5494
209,4363
103,4966
184,4552
226,4219
158,4670
274,4352
245,4121
254,1850
252,1133
254,1626
263,1777
256,1333
264,1397
237,1041
226,1723
289,1657
281,1118
258,1719
263,1669
245,1112
296,1304
286,1712
299,1629
253,1248
269,1835
267,1194
226,1518
278,1141
232,1386
287,1972
228,1718
232,1776
308,1569
287,1748
246,1741
262,1627
275,1005
236,1664
221,1781
271,1320
229,1361
291,1663
261,1082
285,1422
262,1369
219,1260
302,1622
269,1473
260,1708
297,1383
278,1576
265,1005
286,1248
248,1563
302,1592
272,1018
279,1462
255,1255
245,1771
247,1737
275,1989
255,1805
243,1665
234,1711
276,1043
228,1818
232,1550
248,1944
136,5469
240,4423
147,4534
222,4714
163,5362
254,5611
246,5113
168,4800
145,4915
224,4047
248,4427
212,5125
268,5480
200,4120
246,5795
142,4900
173,5672
156,5868
223,5719
231,5174
264,5437
175,4498
149,5541
226,4703
133,4538
190,5005
238,4052
152,4376
249,5629
181,5622
239,5625
167,4341
246,5650
139,5953
150,5098
151,5297
186,4758
250,5565
162,4343
135,4484
238,4355
167,4013
269,4534
187,4470
241,4836
168,4979
273,5759
257,4447
205,5682
260,5559
207,5394
202,4598
224,5870
193,5184
199,4885
187,5699
208,4744
228,5208
160,5147
195,5961
240,5661
271,4066
236,4114
199,5660
246,4947
250,4028
188,5085
256,4932
147,5272
234,5652
247,5376
267,5792
246,4660
284,4795
142,5748
132,4129
252,4098
243,5989
281,5180
142,5974
209,4855
157,4487
267,5789
177,4379
214,4345
247,4962
268,5226
242,5013
176,4509
231,5361
124,5709
179,4102
207,4220
128,5675
167,5083
243,4670
252,4983
202,5428
241,4636
182,5098
156,5628
266,5758
228,4678
210,5432
135,5331
248,4789
227,5644
257,5486
199,4462
232,5398
258,4344
268,5663
260,4461
190,4020
176,5335
227,5401
150,4709
160,4376
113,5130
145,5019
206,5572
207,4643
133,4241
261,4224
194,4198
244,4062
150,4512
267,4486
251,4074
185,4322
112,4543
264,4877
274,5017
234,4204
157,5560
247,4691
179,5301
202,4412
148,4651
183,5082
229,4491
196,4749
264,5482
233,5886
166,4375
185,5420
184,4357
98,4787
177,4764
193,5776
165,4768
183,4562
161,5257
238,4992
191,4008
165,5642
233,4913
234,5066
252,5540
155,5539
269,4462
224,5871
230,4844
253,4205
181,4323
233,4316
243,4624
271,4801
134,4507
154,5282
222,4914
251,4336
239,4020
211,4908
195,5950
224,4149
144,4956
167,5250
188,5884
245,5850
212,4389
240,4888
226,1323
278,1167
232,1783
287,1824
228,1788
232,1512
308,1164
287,1667
246,1852
262,1156
275,1767
236,1699
221,1488
271,1869
229,1049
177,4648
193,4799
165,5745
183,5881
161,4382
238,5325
191,5177
165,5823
233,4193
234,5744
252,5802
155,5731
269,4290
224,4454
230,4257
253,5402
181,5118
233,5256
243,4356
271,4788
134,4879
154,5811
222,5808
251,5962
239,5154
211,5594
195,4256
224,4521
144,4390
167,5264
188,4296
245,5389
212,4128
240,5642
226,1409
278,1368
232,1943
287,1465
228,1373
232,1127
308,1202
287,1660
246,1581
262,1830
275,1872
236,1630
221,1952
228,1549
234,1991
242,1767
307,1339
260,1358
239,1380
305,1384
254,1951
258,1548
267,1027
246,1720
246,1206
261,1073
239,1815
245,1471
237,1869
307,1793
252,1568
225,1168
258,1726
254,1279
232,1835
255,1450
235,1920
269,1592
243,1768
253,1294
266,1798
154,1066
245,1470
275,1093
261,1290
273,1441
303,1195
255,1574
225,1476
233,1176
285,1448
272,1383
273,1329
253,1788
279,1148
235,1021
255,1793
301,1727
245,1653
265,1601
252,1995
281,1592
269,1166
271,1633
239,1365
293,1080
165,4170
202,4917
201,5385
161,4702
193,5037
152,4949
189,5837
159,4784
259,5725
224,5869
172,5538
148,5216
274,4276
207,5889
159,5654
198,4965
196,5505
137,4580
192,5479
214,5722
267,5917
205,4565
102,5421
150,5264
176,5919
169,4647
151,4732
243,4623
150,5301
229,4226
164,5264
220,5672
187,4607
255,5775
252,4162
242,5359
162,5073
219,4918
248,5028
228,5408
149,5881
206,5751
204,4619
222,4060
248,4108
225,4961
244,4142
184,4719
223,5649
133,4879
164,4257
222,4247
198,4323
198,4754
193,5964
149,5173
265,4607
187,4859
198,4108
177,4965
255,5870
141,5231
180,4758
254,5830
211,4611
238,5974
239,5632
175,4961
238,5703
268,4126
142,5428
186,5712
154,4867
229,5672
264,4575
196,5541
169,6000
168,5877
226,5793
189,5575
183,4572
228,4977
260,5553
112,4599
221,5295
258,4046
133,5950
139,4666
251,5931
258,4908
229,4855
220,5465
160,4416
154,4631
197,5581
141,4289
199,5531
187,5872
136,4631
232,5759
257,5085
156,5225
179,4913
182,5388
209,4852
137,4814
174,4656
251,5608
220,5073
196,5631
162,5726
242,5243
226,5305
101,4275
226,5451
280,4585
257,4108
185,4078
199,5431
273,5754
229,4157
199,4006
151,4072
213,5607
151,4938
212,5413
175,4840
182,4746
211,5077
160,5524
268,5895
188,4033
234,4757
151,4549
150,4100
268,4172
248,4142
232,5544
164,4302
211,5379
195,5832
208,5831
176,5726
258,4921
224,4231
263,5283
203,5917
266,5901
189,5316
242,5401
265,4120
138,5721
268,4118
211,5652
137,5992
234,1087
242,1571
307,1551
260,1766
239,1239
305,1567
254,1885
258,1221
267,1421
246,1134
246,1673
261,1690
239,1887
245,1381
237,1150
307,1589
252,1847
225,1015
258,1104
254,1491
232,1427
255,1088
235,1990
269,1118
211,4889
195,4031
208,4039
176,5597
258,5694
224,5054
263,4677
203,4996
266,5672
189,5062
242,4943
265,4575
138,4496
268,5998
211,4476
137,4374
234,1469
242,1815
307,1371
260,1775
239,1336
305,1196
254,1021
258,1727
267,1803
246,1024
246,1395
261,1829
239,1784
245,1289
237,1567
307,1983
252,1308
225,2000
281,1884
269,1249
271,1328
239,1310
308,1477
256,1372
251,1070
270,1764
289,1656
253,1961
305,1198
219,1837
231,1144
298,1437
282,1035
240,1389
223,1883
226,1530
253,1482
249,1516
294,1174
225,1812
253,1893
236,1961
284,1085
244,1875
269,1948
308,1078
270,1698
238,1871
295,1693
310,1549
290,1111
288,1321
299,1192
243,1898
229,1196
288,1405
276,1670
270,1735
246,1646
269,1742
241,1834
248,1651
271,1636
250,1662
229,1975
296,1392
307,1977
258,1482
255,1355
163,1836
265,1937
269,1273
273,1746
257,1657
258,1924
140,1823
268,1061
279,1241
225,1224
296,1782
162,1968
208,4525
185,5356
270,5221
266,4574
148,4883
201,5898
171,5717
236,4752
220,5622
161,4713
241,5342
208,4569
150,5747
233,4748
98,4368
271,4880
247,4686
218,5330
182,4770
261,5926
167,4660
206,5746
257,4265
185,5648
183,4820
185,4855
178,4135
258,4958
238,4860
209,5203
260,4547
247,4656
261,5629
243,5328
160,5841
203,4712
220,5677
233,5838
101,4192
191,4566
265,4093
249,4811
184,5705
182,5060
198,5249
110,5474
268,5280
146,5372
235,4938
270,5266
174,4541
239,5528
236,4744
162,5345
260,5215
217,4177
232,4526
260,4221
184,5931
145,4790
189,5248
150,4446
200,5739
133,4643
260,5504
195,4640
245,5940
166,5783
245,5600
130,5654
204,4879
210,5672
264,4324
141,4287
162,4432
137,4055
141,4331
127,5574
270,5585
185,5322
241,5836
124,5348
228,4947
140,4623
192,5239
253,4676
287,5308
162,4240
156,4628
187,4757
171,4952
240,5967
250,4717
180,5176
242,4809
162,5683
210,5906
189,4122
187,4316
179,4605
199,5345
158,5687
181,5276
238,5769
225,5274
172,4892
199,4070
248,4532
226,5484
177,5215
238,4349
161,4732
271,4537
254,5892
238,5229
169,5942
168,5334
243,4486
195,4835
227,4167
199,5768
160,4468
160,4972
251,5984
225,5787
260,5307
263,4935
196,4084
184,5959
231,5862
153,5292
173,4684
159,5044
137,5338
249,5987
247,4286
205,4563
209,4999
247,4242
225,4169
150,5042
210,4525
247,4677
167,4319
233,5604
204,4709
140,4793
218,5879
250,4993
225,4460
308,1504
256,1163
251,1482
270,1862
289,1600
253,1823
305,1813
219,1116
231,1562
298,1804
282,1364
240,1400
223,1817
226,1761
253,1028
249,1318
294,1628
263,5475
196,4868
184,4429
231,5491
153,4996
173,5492
159,4358
137,4077
249,5190
247,5383
205,5851
209,5831
247,4593
225,5714
150,5580
210,4362
247,5557
167,4314
233,4501
204,4679
140,5437
218,4352
250,4760
225,4080
308,1165
256,1212
251,1381
270,1397
289,1181
253,1899
305,1167
219,1394
231,1231
298,1759
282,1758
240,1489
223,1132
140,1521
268,1365
279,1090
225,1573
296,1515
162,1311
255,1218
255,1367
286,1556
267,1285
226,1078
285,1631
276,1637
257,1565
287,1811
283,1304
309,1270
274,1637
244,1953
222,1656
264,1900
232,1197
227,1620
294,1455
260,1883
260,1756
277,1190
257,1451
271,1450
308,1260
281,1291
307,1903
224,1643
233,1924
179,1340
267,1538
218,1519
302,1915
247,1060
266,1547
247,1562
219,1702
287,1150
297,1657
273,1597
219,1234
232,1069
264,1782
266,1106
280,1199
264,1265
258,1878
236,1441
262,1304
255,5874
267,5219
240,5965
215,4061
252,4135
136,5512
225,5575
187,4549
144,4137
226,4254
229,4916
255,4628
227,4990
248,5081
151,4759
188,4125
160,4304
156,5361
162,5313
270,5888
200,4947
224,4147
146,4953
156,5231
235,5748
231,4118
141,5907
178,5727
244,4089
247,4955
132,5978
190,4671
113,5993
253,4851
235,4739
264,4102
286,4424
141,4249
243,5703
209,5461
246,4633
257,5717
217,4907
246,5041
166,4100
183,5189
136,5923
224,4653
174,4069
209,4809
256,4679
231,5194
228,5435
198,5487
223,4382
257,4780
265,4741
258,4068
272,5657
273,5119
287,5263
176,4270
136,5413
204,4025
213,5432
160,4769
148,5095
255,4740
212,5724
217,5439
145,5823
170,5750
244,5781
151,5016
202,4454
195,4682
150,5852
225,5523
142,5027
262,4782
251,4912
221,4255
202,5328
216,4750
239,5916
192,5524
185,4574
235,4411
253,5608
180,5659
150,5187
168,4030
274,4030
179,5224
237,5299
160,4602
225,4102
217,5539
263,4645
128,5459
167,4420
221,4312
173,4703
149,4904
234,5241
237,4918
269,4267
182,4183
199,5204
264,4863
167,5761
155,5778
274,4647
213,5492
204,4562
259,4764
174,4972
230,4387
260,5911
176,4155
217,4120
219,5703
189,4133
252,5459
189,4152
159,4930
262,5381
191,5156
271,4133
196,5840
261,5068
233,5284
235,4506
154,5149
167,4658
144,4631
194,5851
242,5375
144,5727
157,4272
184,5920
151,4172
175,5861
177,5941
141,5144
210,4746
224,4754
253,5502
157,4690
172,4982
193,5247
255,1157
255,1826
286,1570
267,1261
226,1223
285,1606
276,1662
257,1451
287,1141
283,1311
309,1904
274,1225
244,1477
222,1003
264,1243
232,1899
217,4264
219,5221
189,5613
252,4705
189,5896
159,5462
262,4176
191,4314
271,5057
196,4994
261,5861
233,5406
235,4880
154,4720
167,5908
144,5121
194,5650
242,4410
144,5912
157,4723
184,4956
151,5667
175,4004
177,5427
141,5222
210,4102
224,5050
253,5236
157,5054
172,5696
193,4459
255,1654
255,1104
286,1539
267,1548
226,1327
285,1244
276,1754
257,1694
287,1791
283,1298
309,1930
274,1581
244,1629
222,1962
264,1238
258,1261
236,1137
304,1401
244,1092
301,1869
275,1117
236,1829
286,1169
238,1850
300,1244
292,1149
172,1097
181,1038
289,1904
256,1139
251,1683
245,1716
266,1367
220,1817
274,1246
301,1660
285,1028
271,1364
241,1442
146,1737
256,1791
235,1051
275,1691
205,1974
244,1320
269,1097
238,1913
217,1803
258,1824
269,1402
259,1827
260,1347
227,1436
223,1650
221,1160
296,1033
228,1924
275,1562
230,1123
241,1379
270,1747
264,1220
260,1178
271,1353
286,1071
279,1263
271,1934
206,5038
205,4351
233,4233
207,4112
174,5295
191,4667
156,5938
137,4066
251,4246
194,5545
141,5273
137,4641
221,5696
270,4966
133,4926
181,4425
147,4549
250,4885
184,4883
234,5033
126,5084
241,4301
218,4072
98,5553
211,4577
216,4750
203,5548
266,5908
155,4443
156,5848
169,4542
241,4126
199,5585
184,5602
221,4388
258,4887
193,4559
156,4184
201,4613
171,5859
193,5584
254,4180
251,5350
171,4946
243,5832
253,4269
137,5497
149,4661
183,5178
171,4752
102,5767
249,5868
255,5291
150,5697
169,5493
208,4890
154,4921
101,4196
203,4750
234,5003
133,5162
222,5284
258,4494
251,5073
241,4880
164,5318
273,5008
266,4010
144,5807
208,4671
178,4620
246,4316
131,5352
156,4151
222,5720
275,4968
212,4117
275,5292
189,5219
171,4839
242,4026
247,4966
149,4556
190,5279
189,4488
153,4750
173,4688
117,5078
204,4119
274,5979
276,5108
189,4785
204,5033
229,4549
257,5815
184,4039
157,4640
173,5331
236,4239
234,4282
237,4760
191,5068
222,5140
153,4248
224,4581
201,5593
169,4309
133,5744
146,4356
230,4107
195,4034
204,4757
191,5333
199,5547
192,4030
187,5064
236,5341
176,5096
239,4589
280,5624
184,4649
145,4409
248,5709
184,5812
265,5040
170,5113
181,4747
166,5533
137,5095
173,5049
249,5614
205,4157
251,4573
249,5509
177,4834
268,4910
215,4581
149,4499
132,4613
246,4707
155,5718
206,4531
134,4064
255,5609
168,5136
140,4926
191,4244
231,5069
264,4350
137,5357
170,4446
256,5399
176,4839
198,4172
272,5666
149,4241
192,5976
117,5529
180,5579
158,5907
266,4784
304,1752
244,1847
301,1150
275,1900
236,1933
286,1177
238,1351
300,1148
292,1779
172,1723
181,1368
289,1037
256,1628
251,1329
245,1832
140,4703
191,4435
231,4991
264,5702
137,5242
170,5226
256,5818
176,4605
198,4829
272,5022
149,4031
192,4045
117,4211
180,4010
158,4881
266,5890
304,1215
244,1121
301,1339
275,1329
236,1682
286,1773
238,1192
300,1070
292,1372
172,1680
181,1043
289,1074
256,1396
251,1434
279,1621
271,1710
258,1920
245,1521
296,1969
267,1505
268,1462
277,1700
259,1771
275,1062
298,1009
243,1013
255,1373
232,1856
254,1887
234,1134
303,1080
262,1563
218,1692
241,1043
267,1942
301,1052
221,1927
275,1700
292,1793
245,1660
301,1452
245,1772
288,1269
274,1452
231,1465
310,1139
256,1441
281,1484
264,1498
274,1764
272,1317
257,1008
310,1189
249,1170
244,1330
219,1634
264,1540
217,1572
280,1624
247,1515
270,4098
248,5310
167,5409
268,5521
257,4901
152,4770
147,4152
179,4882
201,4032
140,5724
139,5632
152,5711
171,4376
97,4577
257,5772
154,5480
138,4881
173,4716
252,4557
251,4245
223,5042
261,5303
111,5393
210,4731
161,4789
143,5261
170,5607
151,4767
154,5884
146,4672
238,5854
264,4490
196,5610
164,5135
144,4316
147,4350
181,5470
212,4518
258,5052
202,4552
143,5286
175,5047
135,5301
249,4169
202,5821
135,4557
268,4415
103,5146
225,4723
211,4957
161,5021
155,5942
182,5159
124,4331
167,6000
246,4090
196,5692
211,5877
234,5075
174,5713
190,4424
255,4313
192,4997
174,5973
263,4208
251,4741
223,4671
168,5097
213,5516
99,5903
267,5254
183,4531
180,5031
206,4721
216,4636
167,5591
162,4812
250,5832
245,4731
226,4411
226,5395
222,4996
177,5911
223,5654
210,5051
170,4299
135,5029
192,4741
204,4001
244,4458
255,5511
160,5234
150,4133
242,5655
240,5498
246,5337
232,4562
274,4409
253,5703
229,4584
131,4625
125,5883
201,5540
207,4019
144,5378
109,4308
161,5654
151,5154
149,5282
239,4122
287,4376
132,5810
165,5313
143,5872
262,5429
201,4025
213,4220
269,5976
217,4073
133,4195
248,5299
244,5339
197,4917
268,4208
203,4557
224,4817
212,5935
208,5098
155,5939
260,4535
174,5348
161,4590
246,5167
173,4615
175,4859
243,4037
122,5299
219,5071
217,5910
250,4246
274,5981
260,4747
185,4729
270,4131
166,4596
160,5520
247,4338
272,5703
171,4439
211,4962
271,4444
155,5982
220,4552
220,5234
285,4427
109,4374
194,4565
214,4185
161,5629
202,4458
179,5429
137,4584
173,4892
243,4950
258,1494
245,1982
296,1650
267,1113
268,1248
277,1373
259,1198
275,1156
298,1515
243,1385
255,1372
232,1817
247,5844
272,4013
171,4536
211,5983
271,5486
155,4882
220,4912
220,4407
285,4999
109,5457
194,4727
214,4578
161,5663
202,5137
179,4584
137,4586
173,5970
243,5371
258,1481
245,1594
296,1973
267,1352
268,1958
277,1260
259,2000
275,1816
298,1648
243,1817
280,1819
277,1623
284,1518
258,1306
254,1865
263,1548
267,1580
247,1626
233,1631
254,1788
289,1223
282,1674
243,1729
243,1223
228,1473
235,1758
274,1355
254,1435
251,1625
310,1601
288,1989
218,1024
251,1683
263,1192
266,1776
307,1674
268,1754
157,1133
262,1384
245,1668
217,1616
259,1208
238,1962
288,1575
284,1751
243,1842
260,1522
264,1541
269,1113
282,1800
250,1296
230,1067
254,1217
256,1723
255,1378
306,1790
189,1837
280,1753
310,1553
266,5494
196,5622
198,5443
163,5253
137,4742
167,4171
115,4200
192,4046
238,4618
142,4790
256,5725
208,4592
257,4242
227,5829
219,5660
202,5645
158,4078
235,4829
233,4300
244,5857
244,4163
148,5919
171,4602
197,4196
256,5643
223,5007
271,4066
135,5001
272,4145
265,4244
180,4585
187,5967
158,5502
234,5164
224,5602
153,4422
125,4182
204,4310
199,5127
216,5149
183,5712
136,5769
269,4409
105,5135
253,4502
263,4616
266,4382
185,4746
245,4427
184,4969
235,4636
247,5194
145,5070
158,5960
268,4721
186,5515
226,5106
258,4466
189,5464
255,4178
207,5035
271,5229
239,5455
186,4969
139,4275
224,4221
198,5662
102,5644
219,4321
240,4314
222,4021
221,4500
229,5294
146,4725
165,5661
200,5807
232,4907
240,5655
240,4552
187,5334
239,4960
171,5398
239,4039
166,4493
113,5234
104,4617
270,5417
145,4485
171,4075
160,5799
210,5437
256,5324
155,5315
126,5659
189,4886
206,5013
242,5879
258,5262
196,4871
209,5186
259,4308
140,4965
141,4651
160,4435
208,4116
198,5322
264,5959
136,5911
221,5595
242,4889
162,5614
258,5422
172,4056
222,4733
215,4305
164,4067
233,5560
249,5743
217,5380
260,4796
219,5314
267,4024
137,4754
141,4395
201,5729
125,5595
173,5927
271,4020
243,5263
151,4895
224,4503
141,4682
133,5803
239,5628
203,5597
220,5896
212,5513
252,4787
265,5637
199,5342
209,5413
254,4363
216,4032
196,5515
258,5420
137,5794
282,4901
156,4276
237,4917
170,4695
243,4277
163,4887
257,4883
179,5433
274,4828
174,4295
162,4094
269,4423
147,4600
286,4262
271,5471
130,4371
258,4303
151,4981
208,5155
137,4510
250,5509
211,4106
196,5216
174,5366
277,1845
284,1181
258,1162
254,1876
263,1789
267,1550
247,1858
233,1622
254,1014
289,1949
282,1385
243,1189
243,1732
228,1996
235,1549
274,1141
254,1615
237,4586
170,4062
243,5082
163,4049
257,4937
179,4930
274,4057
174,4596
162,5525
269,5363
147,5431
286,4889
271,4185
130,4946
258,4562
151,5506
208,4751
137,4490
250,4636
211,5473
196,4320
174,5207
277,1433
284,1291
258,1947
254,1006
263,1417
267,1146
247,1118
233,1398
254,1347
289,1607
282,1375
243,1752
243,1813
228,1874
235,1332
306,1630
189,1269
280,1831
310,1494
264,1962
243,1348
245,1252
239,1384
248,1789
268,1654
271,1503
233,1040
245,1694
248,1845
234,1703
259,1054
259,1876
263,1851
158,1171
270,1852
271,1555
237,1709
250,1747
270,1340
242,1858
271,1557
254,1851
274,1696
249,1067
245,1182
237,1978
238,1898
242,1681
217,1761
242,1531
265,1345
267,4566
238,5158
284,5343
137,4854
232,5281
262,5951
158,4873
226,5676
199,5855
175,4927
233,5039
111,4038
218,5363
189,4166
257,5944
160,4492
197,4858
283,4207
197,4141
259,4084
195,5863
159,4906
267,5415
155,4485
267,5744
239,4930
263,4911
217,5433
173,4793
163,5887
232,5561
155,4957
160,5341
200,4225
160,5741
220,5323
160,4665
136,5368
252,5032
138,5690
173,4616
198,4272
194,5503
157,5898
220,5065
160,4440
214,5256
213,5247
146,5637
176,5751
219,4314
164,4495
168,4699
167,5026
152,4244
248,5335
177,4906
148,5716
107,4460
196,5180
215,5661
260,4331
156,4817
266,5116
146,4831
210,5354
144,5867
181,5812
132,4339
243,5640
166,4536
148,5909
221,4360
207,4702
228,5347
161,4174
259,5265
272,4962
154,5393
174,5625
225,5943
209,5591
208,4537
163,4921
174,5672
236,5220
229,5689
195,4660
146,5871
211,4978
161,5999
243,4182
169,4281
273,4530
137,4622
96,4449
177,4873
269,5211
188,5673
238,4172
172,4805
134,5865
191,4806
210,4203
161,5378
161,5779
166,4472
170,4375
251,5291
214,4056
197,5395
227,4269
265,4660
287,5611
206,5113
192,5578
109,5264
180,5546
224,4015
259,5873
269,5364
187,4147
185,5288
241,5448
228,5643
214,4512
196,5414
175,4695
171,5318
185,4066
226,4098
265,4249
205,4690
189,4825
141,5512
217,4887
198,5863
246,4150
261,5731
160,5940
135,5734
213,5526
189,4668
259,5148
170,5671
257,4681
143,4754
258,4906
216,5997
169,4613
165,5210
245,4480
171,5719
238,4086
265,5385
207,4286
257,4670
252,4278
272,5342
180,5780
217,4345
149,5952
185,4610
222,5644
180,5471
156,4097
241,5099
170,5211
286,5035
232,5653
171,4656
146,4152
189,5470
235,4522
187,4897
166,5206
264,1748
243,1856
245,1466
239,1984
248,1093
268,1793
271,1893
233,1079
245,1092
248,1881
234,1030
259,1066
259,1206
263,1511
158,1537
270,1568
238,4780
265,5177
207,5227
257,5236
252,5707
272,4883
180,5605
217,5469
149,4540
185,5428
222,5559
180,4417
156,4946
241,5275
170,4696
286,4777
232,5580
171,5011
146,4351
189,4505
235,5775
187,4567
166,4247
264,1178
243,1078
245,1528
239,1417
248,1754
268,1600
271,1091
233,1799
245,1038
248,1945
234,1812
259,1574
259,1382
263,1665
217,1483
242,1411
255,1430
277,1738
267,1933
260,1370
259,1951
257,1101
228,1950
255,1014
262,1816
262,1196
241,1348
262,1644
263,1644
233,1668
221,1109
254,1967
236,1016
258,1856
223,1559
248,1642
204,1667
276,1246
241,1924
263,1181
265,1864
253,1092
257,1323
259,1096
206,1680
254,1030
143,4907
169,4033
194,4308
248,5853
153,5952
151,5082
148,4531
214,4736
251,4839
136,4933
247,5792
239,5674
247,5636
184,4331
248,5588
244,4078
252,5058
136,4190
200,4885
187,5448
222,5115
247,4975
195,4669
190,5834
226,4706
205,4490
225,4242
275,4183
154,4998
141,4534
198,5889
263,4210
184,4500
221,4466
259,4480
238,5702
188,4234
164,4666
204,4943
237,4285
235,5591
235,5116
263,4081
236,4457
146,4075
188,5709
152,5981
211,4083
195,4236
180,5609
213,5418
171,5971
253,4761
228,4831
158,4086
158,4861
195,4165
202,5748
209,4717
156,5780
199,4925
205,4756
165,5965
119,5290
185,4316
178,4567
248,4667
190,5069
227,4795
255,4053
214,4077
134,5000
216,5817
183,5335
190,4457
219,4197
207,4070
135,4541
254,5957
233,4541
233,5421
156,5216
262,5761
201,4315
208,4887
174,4380
144,4867
184,4712
196,4891
251,4889
160,4770
176,5532
235,5735
152,4006
184,4030
209,5713
187,4613
160,4055
258,5393
166,5275
193,5919
167,4722
272,5055
222,5028
189,5554
188,4610
183,4313
183,4741
167,5943
258,5365
177,5757
226,5000
240,4144
158,5261
176,5810
230,4736
238,5265
254,5714
209,5979
245,4660
133,5640
233,5320
257,4692
262,4157
252,4013
231,4649
228,4068
100,5163
253,5813
160,5662
153,4975
270,4369
156,4701
132,5025
98,4125
161,5338
258,5916
228,5640
180,5208
136,4147
228,4470
274,5145
208,5344
230,5888
273,5079
253,5159
241,4120
205,4641
132,5552
151,4611
163,5593
176,4895
169,4636
133,4571
184,5219
258,4811
237,4622
260,5770
159,4326
223,4273
207,4423
261,5208
239,5297
222,5819
143,5845
157,4547
251,5011
255,1708
277,1032
267,1983
260,1178
259,1065
257,1128
228,1316
255,1610
262,1700
262,1483
241,1146
262,1249
263,1123
233,1173
221,1855
254,1501
236,1551
258,1059
223,1395
208,5811
230,5114
273,4743
253,5530
241,5261
205,5876
132,4462
151,5522
163,5751
176,4376
169,5659
133,4151
184,4782
258,5736
237,4461
260,4816
159,5269
223,4337
207,5856
261,4347
239,5511
222,5185
143,5474
157,4888
251,4190
255,1322
277,1057
267,1876
260,1128
259,1867
257,1619
228,1044
255,1255
262,1774
262,1893
241,1116
262,1069
263,1345
233,1097
221,1123
254,1350
254,1926
224,1022
225,1310
246,1072
221,1429
257,1080
234,1837
216,1678
221,1958
249,1195
240,1750
219,1419
219,1363
278,1879
232,1861
253,1235
253,1464
261,1129
251,1827
275,1646
229,1175
257,1812
229,1424
255,1918
242,1716
192,1406
218,1433
219,1019
261,1644
236,1017
257,1258
252,1539
232,1500
229,1069
202,1556
228,1618
244,1222
260,1257
245,1841
227,1186
300,1027
160,1645
274,1969
260,1952
253,1367
218,1574
220,1156
253,1326
259,1871
235,1259
274,1558
264,1318
258,1010
237,1154
273,1826
249,1415
250,1292
229,1716
223,1713
272,1149
230,1996
226,1981
263,1114
243,1243
269,1165
234,1871
267,1307
240,1144
247,1842
137,1034
248,1861
222,1861
169,1897
241,1324
136,1826
224,1184
259,1042
260,1338
217,1744
224,1505
232,1265
156,1015
251,1297
253,1438
245,1727
253,1300
234,1691
229,1954
250,1897
268,1932
269,1120
242,1276
223,1711
155,1740
220,1878
256,4480
162,5869
139,5199
207,4847
174,4677
216,4350
176,5575
223,5765
135,5934
249,5809
157,4871
102,4459
197,4568
203,4790
244,5217
258,5324
167,5067
225,4972
192,4339
199,4163
142,5749
145,4753
148,5536
258,5376
114,4423
143,5291
186,4851
212,4742
145,5400
148,4240
139,4534
169,4466
251,5178
154,5578
150,5980
272,5034
197,4684
169,5702
201,5565
168,5303
202,4788
241,5519
152,5913
139,5261
204,4251
198,4996
206,5646
231,5910
166,4716
125,5489
237,4208
145,4386
242,5920
261,5345
148,4714
148,5557
185,5914
195,4915
219,4947
146,4381
125,4203
205,4819
177,4240
190,5226
137,4803
255,4471
141,5923
151,5724
272,4652
265,4641
148,4387
123,5891
244,4992
181,5163
221,4024
177,4070
226,4332
275,5382
192,4429
243,4709
188,4024
149,5311
167,5800
211,5989
248,5171
244,5277
133,5258
242,4876
222,5665
229,5075
196,4604
201,4320
210,5912
241,5526
218,4299
210,4324
261,4673
125,4097
192,4570
229,5385
264,5759
227,4403
258,4977
164,4560
261,4888
220,4598
224,1600
225,1488
246,1185
221,1841
257,1869
234,1932
216,1255
221,1220
249,1200
240,1373
219,1553
219,1993
278,1785
232,1337
253,1709
253,1366
261,1235
251,1562
275,1522
229,1689
257,1981
229,1951
255,1186
242,1365
192,1689
218,1651
219,1650
261,1434
236,1948
257,1379
252,1134
232,1145
229,1861
202,1946
228,1753
244,1199
260,1705
245,1496
261,5206
125,5866
192,4949
229,4829
264,5252
227,4619
258,4578
164,5761
261,5600
220,4100
224,1842
225,1755
246,1300
221,1944
257,1668
234,1524
216,1272
221,1718
249,1762
240,1923
219,1505
219,1276
278,1631
232,1561
253,1362
253,1086
261,1649
251,1196
275,1623
229,1235
257,1102
229,1040
255,1458
242,1846
192,1830
218,1603
219,1098
261,1227
236,1906
257,1150
252,1538
232,1247
242,1155
223,1210
155,1639
